/sistema/activo_fijo/activo/seleccionar/	5	registro_documento_registrar,registro_documento_registrar_cotizacion_1,registro_documento_registrar_de_1,registro_documento_registrar_prefactura_1
/sistema/activo_fijo/categoria/4089/eliminar/	1	activo_fijo_configuraciones
/sistema/activo_fijo/categoria/4092/eliminar/	1	activo_fijo_configuraciones
/sistema/activo_fijo/categoria/4093/eliminar/	1	activo_fijo_configuraciones
/sistema/activo_fijo/categoria/4163/eliminar/	1	activo_fijo_configuraciones
/sistema/activo_fijo/categoria/4357/eliminar/	1	activo_fijo_configuraciones
/sistema/activo_fijo/categoria/4413/eliminar/	1	activo_fijo_configuraciones
/sistema/activo_fijo/categoria/consultar/4089/	1	activo_fijo_configuraciones
/sistema/activo_fijo/categoria/consultar/4092/	1	activo_fijo_configuraciones
/sistema/activo_fijo/categoria/consultar/4093/	1	activo_fijo_configuraciones
/sistema/activo_fijo/categoria/consultar/4163/	1	activo_fijo_configuraciones
/sistema/activo_fijo/categoria/consultar/4357/	1	activo_fijo_configuraciones
/sistema/activo_fijo/categoria/consultar/4413/	1	activo_fijo_configuraciones
/sistema/activo_fijo/categoria/registrar/	1	activo_fijo_configuraciones
/sistema/activo_fijo/categoria/seleccionar/	7	activo_fijo_activo,activo_fijo_activo_registrar,registro_documento_registrar,registro_documento_registrar_cotizacion_1
/sistema/activo_fijo/configuraciones/?id=4089	1	activo_fijo_configuraciones
/sistema/activo_fijo/configuraciones/?id=4092	1	activo_fijo_configuraciones
/sistema/activo_fijo/configuraciones/?id=4093	1	activo_fijo_configuraciones
/sistema/activo_fijo/configuraciones/?id=4163	1	activo_fijo_configuraciones
/sistema/activo_fijo/configuraciones/?id=4357	1	activo_fijo_configuraciones
/sistema/activo_fijo/configuraciones/?id=4413	1	activo_fijo_configuraciones
/sistema/activo_fijo/configuraciones/?id_ubicacion=3712	1	activo_fijo_configuraciones
/sistema/activo_fijo/configuraciones/?id_ubicacion=3716	1	activo_fijo_configuraciones
/sistema/activo_fijo/configuraciones/?id_ubicacion=3719	1	activo_fijo_configuraciones
/sistema/activo_fijo/configuraciones/?id_ubicacion=3720	1	activo_fijo_configuraciones
/sistema/activo_fijo/configuraciones/?id_ubicacion=3721	1	activo_fijo_configuraciones
/sistema/activo_fijo/configuraciones/?id_ubicacion=3722	1	activo_fijo_configuraciones
/sistema/activo_fijo/tipo/seleccionar/	7	activo_fijo_activo,activo_fijo_activo_registrar,registro_documento_registrar,registro_documento_registrar_cotizacion_1
/sistema/activo_fijo/ubicacion/3712/consultar/	1	activo_fijo_configuraciones
/sistema/activo_fijo/ubicacion/3712/eliminar/	1	activo_fijo_configuraciones
/sistema/activo_fijo/ubicacion/3716/consultar/	1	activo_fijo_configuraciones
/sistema/activo_fijo/ubicacion/3716/eliminar/	1	activo_fijo_configuraciones
/sistema/activo_fijo/ubicacion/3719/consultar/	1	activo_fijo_configuraciones
/sistema/activo_fijo/ubicacion/3719/eliminar/	1	activo_fijo_configuraciones
/sistema/activo_fijo/ubicacion/3720/consultar/	1	activo_fijo_configuraciones
/sistema/activo_fijo/ubicacion/3720/eliminar/	1	activo_fijo_configuraciones
/sistema/activo_fijo/ubicacion/3721/consultar/	1	activo_fijo_configuraciones
/sistema/activo_fijo/ubicacion/3721/eliminar/	1	activo_fijo_configuraciones
/sistema/activo_fijo/ubicacion/3722/consultar/	1	activo_fijo_configuraciones
/sistema/activo_fijo/ubicacion/3722/eliminar/	1	activo_fijo_configuraciones
/sistema/activo_fijo/ubicacion/seleccionar/	7	activo_fijo_activo,activo_fijo_activo_registrar,registro_documento_registrar,registro_documento_registrar_cotizacion_1
/sistema/administracion/api/tos/historial/	1	contrato_mi_cuenta
/sistema/administracion/tratamiento_datos_ajax/	127	activo_fijo_activo,activo_fijo_activo_registrar,activo_fijo_configuraciones,administracion_perfil
/sistema/banco/ajax/mov/	3	banco_movimientos,banco_movimientos_generado,banco_movimientos_tipo_movimiento
/sistema/banco/ajax/transacciones/	3	banco_movimientos,banco_movimientos_generado,banco_movimientos_tipo_movimiento
/sistema/banco/conciliacion/632637/	1	banco_conciliacion
/sistema/banco/conciliacion/634246/	1	banco_conciliacion
/sistema/banco/conciliacion/634258/	1	banco_conciliacion
/sistema/banco/conciliacion/634400/	1	banco_conciliacion
/sistema/banco/conciliacion/634768/	1	banco_conciliacion
/sistema/banco/conciliacion/634824/	1	banco_conciliacion
/sistema/banco/conciliacion/634825/	1	banco_conciliacion
/sistema/banco/conciliacion/635053/	1	banco_conciliacion
/sistema/banco/conciliacion/635250/	1	banco_conciliacion
/sistema/banco/conciliacion/635251/	1	banco_conciliacion
/sistema/banco/conciliacion/635252/	1	banco_conciliacion
/sistema/banco/conciliacion/635337/	1	banco_conciliacion
/sistema/banco/conciliacion/635344/	1	banco_conciliacion
/sistema/banco/conciliacion/639295/	1	banco_conciliacion
/sistema/banco/conciliacion/639298/	1	banco_conciliacion
/sistema/banco/conciliacion/639299/	1	banco_conciliacion
/sistema/banco/conciliacion/639301/	1	banco_conciliacion
/sistema/banco/conciliacion/639302/	1	banco_conciliacion
/sistema/banco/conciliacion/639303/	1	banco_conciliacion
/sistema/banco/conciliacion/639304/	1	banco_conciliacion
/sistema/banco/conciliacion/639305/	1	banco_conciliacion
/sistema/banco/conciliacion/641801/	1	banco_conciliacion
/sistema/banco/conciliacion/641805/	1	banco_conciliacion
/sistema/banco/conciliacion/644297/	1	banco_conciliacion
/sistema/banco/conciliacion/644301/	1	banco_conciliacion
/sistema/banco/conciliacion/consultar/632637/	1	banco_conciliacion
/sistema/banco/conciliacion/consultar/634246/	1	banco_conciliacion
/sistema/banco/conciliacion/consultar/634258/	1	banco_conciliacion
/sistema/banco/conciliacion/consultar/634400/	1	banco_conciliacion
/sistema/banco/conciliacion/consultar/634768/	1	banco_conciliacion
/sistema/banco/conciliacion/consultar/634824/	1	banco_conciliacion
/sistema/banco/conciliacion/consultar/634825/	1	banco_conciliacion
/sistema/banco/conciliacion/consultar/635053/	1	banco_conciliacion
/sistema/banco/conciliacion/consultar/635250/	1	banco_conciliacion
/sistema/banco/conciliacion/consultar/635251/	1	banco_conciliacion
/sistema/banco/conciliacion/consultar/635252/	1	banco_conciliacion
/sistema/banco/conciliacion/consultar/635337/	1	banco_conciliacion
/sistema/banco/conciliacion/consultar/635344/	1	banco_conciliacion
/sistema/banco/conciliacion/consultar/639295/	1	banco_conciliacion
/sistema/banco/conciliacion/consultar/639298/	1	banco_conciliacion
/sistema/banco/conciliacion/consultar/639299/	1	banco_conciliacion
/sistema/banco/conciliacion/consultar/639301/	1	banco_conciliacion
/sistema/banco/conciliacion/consultar/639302/	1	banco_conciliacion
/sistema/banco/conciliacion/consultar/639303/	1	banco_conciliacion
/sistema/banco/conciliacion/consultar/639304/	1	banco_conciliacion
/sistema/banco/conciliacion/consultar/639305/	1	banco_conciliacion
/sistema/banco/conciliacion/consultar/641801/	1	banco_conciliacion
/sistema/banco/conciliacion/consultar/641805/	1	banco_conciliacion
/sistema/banco/conciliacion/consultar/644297/	1	banco_conciliacion
/sistema/banco/conciliacion/consultar/644301/	1	banco_conciliacion
/sistema/banco/conciliacion/eliminar/632637/	1	banco_conciliacion
/sistema/banco/conciliacion/eliminar/634246/	1	banco_conciliacion
/sistema/banco/conciliacion/eliminar/634258/	1	banco_conciliacion
/sistema/banco/conciliacion/eliminar/634400/	1	banco_conciliacion
/sistema/banco/conciliacion/eliminar/634768/	1	banco_conciliacion
/sistema/banco/conciliacion/eliminar/634824/	1	banco_conciliacion
/sistema/banco/conciliacion/eliminar/634825/	1	banco_conciliacion
/sistema/banco/conciliacion/eliminar/635053/	1	banco_conciliacion
/sistema/banco/conciliacion/eliminar/635250/	1	banco_conciliacion
/sistema/banco/conciliacion/eliminar/635251/	1	banco_conciliacion
/sistema/banco/conciliacion/eliminar/635252/	1	banco_conciliacion
/sistema/banco/conciliacion/eliminar/635337/	1	banco_conciliacion
/sistema/banco/conciliacion/eliminar/635344/	1	banco_conciliacion
/sistema/banco/conciliacion/eliminar/639295/	1	banco_conciliacion
/sistema/banco/conciliacion/eliminar/639298/	1	banco_conciliacion
/sistema/banco/conciliacion/eliminar/639299/	1	banco_conciliacion
/sistema/banco/conciliacion/eliminar/639301/	1	banco_conciliacion
/sistema/banco/conciliacion/eliminar/639302/	1	banco_conciliacion
/sistema/banco/conciliacion/eliminar/639303/	1	banco_conciliacion
/sistema/banco/conciliacion/eliminar/639304/	1	banco_conciliacion
/sistema/banco/conciliacion/eliminar/639305/	1	banco_conciliacion
/sistema/banco/conciliacion/eliminar/641801/	1	banco_conciliacion
/sistema/banco/conciliacion/eliminar/641805/	1	banco_conciliacion
/sistema/banco/conciliacion/eliminar/644297/	1	banco_conciliacion
/sistema/banco/conciliacion/eliminar/644301/	1	banco_conciliacion
/sistema/banco/conciliacion/movimientos_pendientes/	1	banco_conciliacion_registrar
/sistema/banco/conciliacion_excel/	1	banco_conciliacion
/sistema/banco/cuenta_bancaria/30463/	1	banco_cuentas_bancarias
/sistema/banco/cuenta_bancaria/30925/	1	banco_cuentas_bancarias
/sistema/banco/cuenta_bancaria/31178/	1	banco_cuentas_bancarias
/sistema/banco/cuenta_bancaria/39526/	1	banco_cuentas_bancarias
/sistema/banco/cuenta_bancaria/42162/	1	banco_cuentas_bancarias
/sistema/banco/cuenta_bancaria/42843/	1	banco_cuentas_bancarias
/sistema/banco/cuenta_bancaria/43184/	1	banco_cuentas_bancarias
/sistema/banco/cuenta_bancaria/43424/	1	banco_cuentas_bancarias
/sistema/banco/cuenta_bancaria/43503/	1	banco_cuentas_bancarias
/sistema/banco/cuenta_bancaria/eliminar/30463/	1	banco_cuentas_bancarias
/sistema/banco/cuenta_bancaria/eliminar/30925/	1	banco_cuentas_bancarias
/sistema/banco/cuenta_bancaria/eliminar/31178/	1	banco_cuentas_bancarias
/sistema/banco/cuenta_bancaria/eliminar/39526/	1	banco_cuentas_bancarias
/sistema/banco/cuenta_bancaria/eliminar/42162/	1	banco_cuentas_bancarias
/sistema/banco/cuenta_bancaria/eliminar/42843/	1	banco_cuentas_bancarias
/sistema/banco/cuenta_bancaria/eliminar/43184/	1	banco_cuentas_bancarias
/sistema/banco/cuenta_bancaria/eliminar/43424/	1	banco_cuentas_bancarias
/sistema/banco/cuenta_bancaria/eliminar/43503/	1	banco_cuentas_bancarias
/sistema/banco/cuenta_bancaria/registrar/	1	banco_cuentas_bancarias
/sistema/banco/cuenta_bancaria/seleccionar/	6	banco_cheque_protestado,banco_consultar_movimientos,banco_movimientos,banco_movimientos_generado
/sistema/banco/cuenta_bancaria/seleccionar/?solo_activos=1	7	banco_anticipo_registrar,banco_cheque_protestado_registrar,banco_movimiento_registrar,banco_movimiento_registrar_tipo_registro_tipo_movimiento
/sistema/banco/eliminar_movimientos_masivos/	3	banco_movimientos,banco_movimientos_generado,banco_movimientos_tipo_movimiento
/sistema/banco/movimiento/23952396/	1	rrhh_movimientos_consultar_movimientos
/sistema/banco/movimiento/23952400/	1	rrhh_movimientos_consultar_movimientos
/sistema/banco/movimiento/23952403/	1	rrhh_movimientos_consultar_movimientos
/sistema/banco/movimiento/23952405/	1	rrhh_movimientos_consultar_movimientos
/sistema/banco/movimiento/23952407/	1	rrhh_movimientos_consultar_movimientos
/sistema/banco/movimiento/23952408/	1	rrhh_movimientos_consultar_movimientos
/sistema/banco/movimiento/23952410/	1	rrhh_movimientos_consultar_movimientos
/sistema/banco/movimiento/23952412/	1	rrhh_movimientos_consultar_movimientos
/sistema/banco/movimiento/23952414/	1	rrhh_movimientos_consultar_movimientos
/sistema/banco/movimiento/23952416/	1	rrhh_movimientos_consultar_movimientos
/sistema/banco/movimiento/23952424/	1	rrhh_movimientos_consultar_movimientos
/sistema/banco/movimiento/23952426/	1	rrhh_movimientos_consultar_movimientos
/sistema/banco/movimiento/23952427/	1	rrhh_movimientos_consultar_movimientos
/sistema/banco/movimiento/23952429/	1	rrhh_movimientos_consultar_movimientos
/sistema/banco/movimiento/23952432/	1	rrhh_movimientos_consultar_movimientos
/sistema/banco/movimiento/23952435/	1	rrhh_movimientos_consultar_movimientos
/sistema/banco/movimiento/23952438/	1	rrhh_movimientos_consultar_movimientos
/sistema/banco/movimiento/23952439/	1	rrhh_movimientos_consultar_movimientos
/sistema/banco/movimiento/23952440/	1	rrhh_movimientos_consultar_movimientos
/sistema/banco/movimiento/23952444/	1	rrhh_movimientos_consultar_movimientos
/sistema/banco/movimiento/23952445/	1	rrhh_movimientos_consultar_movimientos
/sistema/banco/movimiento/23952446/	1	rrhh_movimientos_consultar_movimientos
/sistema/banco/movimiento/23952448/	1	rrhh_movimientos_consultar_movimientos
/sistema/banco/movimiento/23952457/	1	rrhh_movimientos_consultar_movimientos
/sistema/banco/movimiento/23952459/	1	rrhh_movimientos_consultar_movimientos
/sistema/banco/movimiento/consultar/23952396/	1	rrhh_movimientos_consultar_movimientos
/sistema/banco/movimiento/consultar/23952400/	1	rrhh_movimientos_consultar_movimientos
/sistema/banco/movimiento/consultar/23952403/	1	rrhh_movimientos_consultar_movimientos
/sistema/banco/movimiento/consultar/23952405/	1	rrhh_movimientos_consultar_movimientos
/sistema/banco/movimiento/consultar/23952407/	1	rrhh_movimientos_consultar_movimientos
/sistema/banco/movimiento/consultar/23952408/	1	rrhh_movimientos_consultar_movimientos
/sistema/banco/movimiento/consultar/23952410/	1	rrhh_movimientos_consultar_movimientos
/sistema/banco/movimiento/consultar/23952412/	1	rrhh_movimientos_consultar_movimientos
/sistema/banco/movimiento/consultar/23952414/	1	rrhh_movimientos_consultar_movimientos
/sistema/banco/movimiento/consultar/23952416/	1	rrhh_movimientos_consultar_movimientos
/sistema/banco/movimiento/consultar/23952424/	1	rrhh_movimientos_consultar_movimientos
/sistema/banco/movimiento/consultar/23952426/	1	rrhh_movimientos_consultar_movimientos
/sistema/banco/movimiento/consultar/23952427/	1	rrhh_movimientos_consultar_movimientos
/sistema/banco/movimiento/consultar/23952429/	1	rrhh_movimientos_consultar_movimientos
/sistema/banco/movimiento/consultar/23952432/	1	rrhh_movimientos_consultar_movimientos
/sistema/banco/movimiento/consultar/23952435/	1	rrhh_movimientos_consultar_movimientos
/sistema/banco/movimiento/consultar/23952438/	1	rrhh_movimientos_consultar_movimientos
/sistema/banco/movimiento/consultar/23952439/	1	rrhh_movimientos_consultar_movimientos
/sistema/banco/movimiento/consultar/23952440/	1	rrhh_movimientos_consultar_movimientos
/sistema/banco/movimiento/consultar/23952444/	1	rrhh_movimientos_consultar_movimientos
/sistema/banco/movimiento/consultar/23952445/	1	rrhh_movimientos_consultar_movimientos
/sistema/banco/movimiento/consultar/23952446/	1	rrhh_movimientos_consultar_movimientos
/sistema/banco/movimiento/consultar/23952448/	1	rrhh_movimientos_consultar_movimientos
/sistema/banco/movimiento/consultar/23952457/	1	rrhh_movimientos_consultar_movimientos
/sistema/banco/movimiento/consultar/23952459/	1	rrhh_movimientos_consultar_movimientos
/sistema/banco/tarjetas/	1	registro_transaccion_registrar
/sistema/contabilidad/carga_cuentas_contables/	1	contabilidad_cuenta
/sistema/contabilidad/centro_costo/seleccionar/	23	banco_movimientos,banco_movimientos_generado,banco_movimientos_tipo_movimiento,contabilidad_libro_diario
/sistema/contabilidad/centro_costo/seleccionar/?solo_transaccionales=1	16	banco_anticipo_registrar,banco_movimiento_registrar,banco_movimiento_registrar_tipo_registro_tipo_movimiento,contabilidad_libro_diario_asiento_registrar
/sistema/contabilidad/cuenta/seleccionar/	18	banco_anticipo_registrar,banco_movimiento_registrar,banco_movimiento_registrar_tipo_registro_tipo_movimiento,contabilidad_libro_diario
/sistema/contabilidad/cuenta/seleccionar/?padres=1	2	reportes_panel,reportes_resumen
/sistema/contabilidad/cuenta/seleccionar/?tipocuenta=ACTIVO	3	activo_fijo_configuraciones,rrhh_configuraciones,tarjeta_credito_liquidacion_registrar
/sistema/contabilidad/cuenta/seleccionar/?tipocuenta=ACTIVOGASTO	3	persona_registrar,registro_electronicos_importar_facturas,rrhh_configuraciones
/sistema/contabilidad/cuenta/seleccionar/?tipocuenta=ACTIVOPASIVO	1	rrhh_configuraciones
/sistema/contabilidad/cuenta/seleccionar/?tipocuenta=ACTIVOPASIVOGASTO	1	rrhh_configuraciones
/sistema/contabilidad/cuenta/seleccionar/?tipocuenta=ACTIVOPASIVOINGRESO	1	rrhh_configuraciones
/sistema/contabilidad/cuenta/seleccionar/?tipocuenta=BIENSERVICIO	7	registro_documento_registrar,registro_documento_registrar_cotizacion_1,registro_documento_registrar_de_1,registro_documento_registrar_prefactura_1
/sistema/contabilidad/cuenta/seleccionar/?tipocuenta=Banco	6	banco_conciliacion,banco_conciliacion_registrar,registro_deposito_registrar,rrhh_configuraciones
/sistema/contabilidad/cuenta/seleccionar/?tipocuenta=Cuenta+por+Cobrar	1	persona_registrar
/sistema/contabilidad/cuenta/seleccionar/?tipocuenta=Cuenta+por+CobrarTC	1	tarjeta_credito_liquidacion_registrar
/sistema/contabilidad/cuenta/seleccionar/?tipocuenta=Cuenta+por+Pagar	2	persona_registrar,registro_electronicos_importar_facturas
/sistema/contabilidad/cuenta/seleccionar/?tipocuenta=GASTO	3	activo_fijo_configuraciones,persona_registrar,rrhh_configuraciones
/sistema/contabilidad/cuenta/seleccionar/?tipocuenta=INGRESO	8	activo_fijo_configuraciones,inventario_producto_registrar2,producto_consultar_ALA001,producto_consultar_COMB001
/sistema/contabilidad/cuenta/seleccionar/?tipocuenta=INGRESO&amp;anticipo=1	5	inventario_producto_registrar2,producto_consultar_ALA001,producto_consultar_COMB001,producto_consultar_COMB003
/sistema/contabilidad/cuenta/seleccionar/?tipocuenta=INGRESO&anticipo=1	1	inventario_producto_categoria
/sistema/contabilidad/cuenta/seleccionar/?tipocuenta=INVENTARIABLE	6	inventario_producto_categoria,inventario_producto_registrar2,producto_consultar_ALA001,producto_consultar_COMB001
/sistema/contabilidad/cuenta/seleccionar/?tipocuenta=PASIVO	1	rrhh_configuraciones
/sistema/contabilidad/cuenta/seleccionar/?tipocuenta=RETENCIONES	2	empresa_configuracion_retenciones,registro_electronicos_importar_facturas
/sistema/contabilidad/cuenta/seleccionar/?tipocuenta=RETENCIONES&amp;tiporegistrodoc=	3	registro_documento_registrar,registro_documento_registrar_de_1,registro_documento_registrar_proveedor_1
/sistema/contabilidad/cuenta/seleccionar/?todas=1	4	reportes_balance_comprobacion,reportes_cuentas,reportes_panel,reportes_resumen
/sistema/contabilidad/cuenta/tipo/seleccionar/	1	contabilidad_cuenta
/sistema/contabilidad/ejercicio_contable/?excel=1	1	contabilidad_ejercicio_contable
/sistema/contabilidad/ejercicio_contable/?pdf=1	1	contabilidad_ejercicio_contable
/sistema/contabilidad/get_porcentajes_iva/?fecha=	7	registro_documento_registrar,registro_documento_registrar_cotizacion_1,registro_documento_registrar_de_1,registro_documento_registrar_prefactura_1
/sistema/contabilidad/impuesto_iva_fecha	6	registro_documento_registrar,registro_documento_registrar_cotizacion_1,registro_documento_registrar_de_1,registro_documento_registrar_prefactura_1
/sistema/contabilidad/impuesto_iva_fecha/?fecha=	6	registro_documento_registrar,registro_documento_registrar_cotizacion_1,registro_documento_registrar_de_1,registro_documento_registrar_prefactura_1
/sistema/contabilidad/libro_diario/asiento/importar	1	contabilidad_libro_diario
/sistema/contabilidad/tipo_retencion_ir/seleccionar/	9	persona_registrar,registro_documento_registrar,registro_documento_registrar_cotizacion_1,registro_documento_registrar_de_1
/sistema/contabilidad/tipo_retencion_ir/seleccionar/?autorretencion=0	1	empresa_configuracion_retenciones
/sistema/contabilidad/tipo_retencion_ir/seleccionar/?autorretencion=1	1	empresa_configuracion_retenciones
/sistema/contabilidad/tipo_retencion_iva/seleccionar/	10	empresa_configuracion_retenciones,persona_registrar,registro_documento_registrar,registro_documento_registrar_cotizacion_1
/sistema/contrato/reporte_empresas_facturacion/	127	activo_fijo_activo,activo_fijo_activo_registrar,activo_fijo_configuraciones,administracion_perfil
/sistema/contrato/reporte_facturacion/	127	activo_fijo_activo,activo_fijo_activo_registrar,activo_fijo_configuraciones,administracion_perfil
/sistema/domicilio/glovo/menu/	1	inventario_producto
/sistema/domicilio/glovo/producto/	5	inventario_producto_registrar2,producto_consultar_ALA001,producto_consultar_COMB001,producto_consultar_COMB003
/sistema/domicilio/uber/menu/	1	inventario_producto
/sistema/empresa/buscar/	127	activo_fijo_activo,activo_fijo_activo_registrar,activo_fijo_configuraciones,administracion_perfil
/sistema/empresa/ciudad/seleccionar/	1	rrhh_configuraciones
/sistema/empresa/configuracion/#usuario	1	empresa_configuracion_usuario_registrar
/sistema/empresa/configuracion/999999/	1	empresa_configuracion_general
/sistema/empresa/configuracion/999999/archivo/	1	empresa_configuracion_general
/sistema/empresa/configuracion/?tab=plan-contador	127	activo_fijo_activo,activo_fijo_activo_registrar,activo_fijo_configuraciones,administracion_perfil
/sistema/empresa/configuracion/adicional/	1	empresa_configuracion
/sistema/empresa/configuracion/apis/	1	empresa_configuracion
/sistema/empresa/configuracion/aprobadores/	1	empresa_configuracion
/sistema/empresa/configuracion/aumentar_espacio/	1	empresa_configuracion_general
/sistema/empresa/configuracion/autoriza_sri/	1	empresa_configuracion
/sistema/empresa/configuracion/backup/	1	empresa_configuracion_general
/sistema/empresa/configuracion/control/	1	empresa_configuracion
/sistema/empresa/configuracion/correo2/	1	rrhh_configuraciones
/sistema/empresa/configuracion/correo_admin/	1	empresa_configuracion
/sistema/empresa/configuracion/correo_general/999999/	1	empresa_configuracion_correo_admin
/sistema/empresa/configuracion/correo_general/eliminar/999999/	1	empresa_configuracion_correo_admin
/sistema/empresa/configuracion/correo_general/registrar/	1	empresa_configuracion_correo_admin
/sistema/empresa/configuracion/eliminar/999999/	1	empresa_configuracion_general
/sistema/empresa/configuracion/est_ptoemi_default/	1	empresa_configuracion_factura_electronica
/sistema/empresa/configuracion/est_ptoemi_default/eliminar/	1	empresa_configuracion_factura_electronica
/sistema/empresa/configuracion/factura_electronica/	1	empresa_configuracion
/sistema/empresa/configuracion/firma_cotizacion_proforma/	1	empresa_configuracion_general
/sistema/empresa/configuracion/general/	1	empresa_configuracion
/sistema/empresa/configuracion/logo/	1	empresa_configuracion_general
/sistema/empresa/configuracion/mensaje_dna/	1	empresa_configuracion_adicional
/sistema/empresa/configuracion/mensaje_ride/	1	empresa_configuracion_factura_electronica
/sistema/empresa/configuracion/plan_facturacion/	1	empresa_configuracion
/sistema/empresa/configuracion/plantillas/	1	empresa_configuracion
/sistema/empresa/configuracion/pronto/	1	empresa_configuracion
/sistema/empresa/configuracion/registrar/	1	empresa_configuracion_general
/sistema/empresa/configuracion/retenciones/	1	empresa_configuracion
/sistema/empresa/configuracion/secuencia_inicial/	1	empresa_configuracion_factura_electronica
/sistema/empresa/configuracion/secuencia_inicial/eliminar/	1	empresa_configuracion_factura_electronica
/sistema/empresa/configuracion/usuario/999999/	1	empresa_configuracion_usuarios
/sistema/empresa/configuracion/usuario/eliminar/999999/	1	empresa_configuracion_usuarios
/sistema/empresa/configuracion/usuario/reenviar_invitacion/108062/	1	empresa_configuracion_usuarios
/sistema/empresa/configuracion/usuario/reenviar_invitacion/117004/	1	empresa_configuracion_usuarios
/sistema/empresa/configuracion/usuario/reenviar_invitacion/219773/	1	empresa_configuracion_usuarios
/sistema/empresa/configuracion/usuario/reenviar_invitacion/219959/	1	empresa_configuracion_usuarios
/sistema/empresa/configuracion/usuario/reenviar_invitacion/276398/	1	empresa_configuracion_usuarios
/sistema/empresa/configuracion/usuario/reenviar_invitacion/313298/	1	empresa_configuracion_usuarios
/sistema/empresa/configuracion/usuario/reenviar_invitacion/367052/	1	empresa_configuracion_usuarios
/sistema/empresa/configuracion/usuario/reenviar_invitacion/367083/	1	empresa_configuracion_usuarios
/sistema/empresa/configuracion/usuario/reenviar_invitacion/367206/	1	empresa_configuracion_usuarios
/sistema/empresa/configuracion/usuario/reenviar_invitacion/367207/	1	empresa_configuracion_usuarios
/sistema/empresa/configuracion/usuario/reenviar_invitacion/377487/	1	empresa_configuracion_usuarios
/sistema/empresa/configuracion/usuario/reenviar_invitacion/383562/	1	empresa_configuracion_usuarios
/sistema/empresa/configuracion/usuario/reenviar_invitacion/407646/	1	empresa_configuracion_usuarios
/sistema/empresa/configuracion/usuarios/	1	empresa_configuracion
/sistema/empresa/configurar_facturacion_wizard/empresa/	1	empresa_configurar_facturacion_wizard
/sistema/empresa/configurar_facturacion_wizard/facturacion/	1	empresa_configurar_facturacion_wizard
/sistema/empresa/configurar_facturacion_wizard/firmadigital/	1	empresa_configurar_facturacion_wizard
/sistema/empresa/configurar_facturacion_wizard/producto/	1	empresa_configurar_facturacion_wizard
/sistema/empresa/descarga_archivo_importacion/	1	empresa_configuracion_plantillas
/sistema/empresa/get_token_pronto/	1	empresa_configuracion_pronto
/sistema/empresa/misolicitud/110645828/0/	1	empresa_solicitudes
/sistema/empresa/misolicitud/110657033/0/	1	empresa_solicitudes
/sistema/empresa/misolicitud/110875421/0/	1	empresa_solicitudes
/sistema/empresa/misolicitud/111002202/0/	1	empresa_solicitudes
/sistema/empresa/misolicitud/111267570/0/	1	empresa_solicitudes
/sistema/empresa/misolicitud/111371711/0/	1	empresa_solicitudes
/sistema/empresa/misolicitud/111673479/0/	1	empresa_solicitudes
/sistema/empresa/misolicitud/112318575/0/	1	empresa_solicitudes
/sistema/empresa/misolicitud/112501128/0/	1	empresa_solicitudes
/sistema/empresa/misolicitud/113389854/0/	1	empresa_solicitudes
/sistema/empresa/misolicitud/113739245/0/	1	empresa_solicitudes
/sistema/empresa/misolicitud/114115265/0/	1	empresa_solicitudes
/sistema/empresa/misolicitud/114117219/0/	1	empresa_solicitudes
/sistema/empresa/misolicitud/114303298/0/	1	empresa_solicitudes
/sistema/empresa/misolicitud/114388989/0/	1	empresa_solicitudes
/sistema/empresa/misolicitud/114391844/0/	1	empresa_solicitudes
/sistema/empresa/misolicitud/114580215/0/	1	empresa_solicitudes
/sistema/empresa/misolicitud/115409535/0/	1	empresa_solicitudes
/sistema/empresa/misolicitud/115584400/0/	1	empresa_solicitudes
/sistema/empresa/misolicitud/115686819/0/	1	empresa_solicitudes
/sistema/empresa/misolicitud/115695552/0/	1	empresa_solicitudes
/sistema/empresa/misolicitud/115697366/0/	1	empresa_solicitudes
/sistema/empresa/misolicitud/115713578/0/	1	empresa_solicitudes
/sistema/empresa/misolicitud/115716154/0/	1	empresa_solicitudes
/sistema/empresa/misolicitud/115736792/0/	1	empresa_solicitudes
/sistema/empresa/misolicitud/115879090/0/	1	empresa_solicitudes
/sistema/empresa/misolicitud/115904897/0/	1	empresa_solicitudes
/sistema/empresa/misolicitud/115909124/0/	1	empresa_solicitudes
/sistema/empresa/misolicitud/116174668/0/	1	empresa_solicitudes
/sistema/empresa/misolicitud/116196964/0/	1	empresa_solicitudes
/sistema/empresa/misolicitud/116330235/0/	1	empresa_solicitudes
/sistema/empresa/misolicitud/116410482/0/	1	empresa_solicitudes
/sistema/empresa/misolicitud/116589149/0/	1	empresa_solicitudes
/sistema/empresa/misolicitud/116681054/0/	1	empresa_solicitudes
/sistema/empresa/misolicitud/116805418/0/	1	empresa_solicitudes
/sistema/empresa/misolicitud/116876635/0/	1	empresa_solicitudes
/sistema/empresa/misolicitud/116889872/0/	1	empresa_solicitudes
/sistema/empresa/misolicitud/117177560/0/	1	empresa_solicitudes
/sistema/empresa/misolicitud/117386769/0/	1	empresa_solicitudes
/sistema/empresa/misolicitud/117394207/0/	1	empresa_solicitudes
/sistema/empresa/misolicitud/117404729/0/	1	empresa_solicitudes
/sistema/empresa/misolicitud/117726943/0/	1	empresa_solicitudes
/sistema/empresa/misolicitud/117790520/0/	1	empresa_solicitudes
/sistema/empresa/misolicitud/118079861/0/	1	empresa_solicitudes
/sistema/empresa/misolicitud/118108268/0/	1	empresa_solicitudes
/sistema/empresa/misolicitud/118213025/0/	1	empresa_solicitudes
/sistema/empresa/misolicitud/118530798/0/	1	empresa_solicitudes
/sistema/empresa/misolicitud/118764192/0/	1	empresa_solicitudes
/sistema/empresa/misolicitud/119350716/0/	1	empresa_solicitudes
/sistema/empresa/misolicitud/119420121/0/	1	empresa_solicitudes
/sistema/empresa/provincia/get_cantones/	5	persona,persona_registrar,registro_transaccion,registro_transaccion_tipo
/sistema/empresa/puede_agregar_usuario/	1	empresa_configuracion_usuarios
/sistema/fidelizacion/ajax/get_clientes	1	fidelizacion_dashboard
/sistema/fidelizacion/ajax/get_productos	1	fidelizacion_reglas_consumo_crear
/sistema/fidelizacion/ajax/nivel/	1	fidelizacion_niveles
/sistema/fidelizacion/ajax/regla_ganancia/	1	fidelizacion_promociones
/sistema/fidelizacion/ajax/segmento/	1	fidelizacion_segmentos
/sistema/fidelizacion/exportar_logs/	1	fidelizacion_dashboard
/sistema/fidelizacion/promociones/seleccionar/	1	fidelizacion_promociones_reporte
/sistema/fidelizacion/reporte_promo/excel	1	fidelizacion_promociones_reporte
/sistema/fidelizacion/reporte_promo/horas	1	fidelizacion_promociones_reporte
/sistema/fidelizacion/reporte_promo/locales	1	fidelizacion_promociones_reporte
/sistema/fidelizacion/reporte_promo/principal	1	fidelizacion_promociones_reporte
/sistema/firmador/descargar_documento_firmado/?doc_id=	2	firmador_documentos_firmados,firmador_firmar_documento
/sistema/firmador/firmar_pdf/	1	firmador_firmar_documento
/sistema/firmador/validar_clave/	1	firmador_firmar_documento
/sistema/importacion/seleccionar/	4	registro_documento,registro_documento_emision,registro_documento_tipo_registro,reportes_bitacora_importacion
/sistema/importacion/seleccionar/?excluir_pendientes=1	1	inventario_movimiento
/sistema/inventario/bodega/59587/	1	inventario_bodega
/sistema/inventario/bodega/59587/eliminar/	1	inventario_bodega
/sistema/inventario/bodega/59588/	1	inventario_bodega
/sistema/inventario/bodega/59588/eliminar/	1	inventario_bodega
/sistema/inventario/bodega/64721/	1	inventario_bodega
/sistema/inventario/bodega/64721/eliminar/	1	inventario_bodega
/sistema/inventario/bodega/64722/	1	inventario_bodega
/sistema/inventario/bodega/64722/eliminar/	1	inventario_bodega
/sistema/inventario/bodega/68986/	1	inventario_bodega
/sistema/inventario/bodega/68986/eliminar/	1	inventario_bodega
/sistema/inventario/bodega/77602/	1	inventario_bodega
/sistema/inventario/bodega/77602/eliminar/	1	inventario_bodega
/sistema/inventario/bodega/87904/	1	inventario_bodega
/sistema/inventario/bodega/87904/eliminar/	1	inventario_bodega
/sistema/inventario/bodega/88730/	1	inventario_bodega
/sistema/inventario/bodega/88730/eliminar/	1	inventario_bodega
/sistema/inventario/bodega/88928/	1	inventario_bodega
/sistema/inventario/bodega/88928/eliminar/	1	inventario_bodega
/sistema/inventario/bodega/88984/	1	inventario_bodega
/sistema/inventario/bodega/88984/eliminar/	1	inventario_bodega
/sistema/inventario/bodega/89194/	1	inventario_bodega
/sistema/inventario/bodega/89194/eliminar/	1	inventario_bodega
/sistema/inventario/bodega/89695/	1	inventario_bodega
/sistema/inventario/bodega/89695/eliminar/	1	inventario_bodega
/sistema/inventario/bodega/consultar/59587/	1	inventario_bodega
/sistema/inventario/bodega/consultar/59588/	1	inventario_bodega
/sistema/inventario/bodega/consultar/64721/	1	inventario_bodega
/sistema/inventario/bodega/consultar/64722/	1	inventario_bodega
/sistema/inventario/bodega/consultar/68986/	1	inventario_bodega
/sistema/inventario/bodega/consultar/77602/	1	inventario_bodega
/sistema/inventario/bodega/consultar/87904/	1	inventario_bodega
/sistema/inventario/bodega/consultar/88730/	1	inventario_bodega
/sistema/inventario/bodega/consultar/88928/	1	inventario_bodega
/sistema/inventario/bodega/consultar/88984/	1	inventario_bodega
/sistema/inventario/bodega/consultar/89194/	1	inventario_bodega
/sistema/inventario/bodega/consultar/89695/	1	inventario_bodega
/sistema/inventario/bodega/control/json/	6	registro_documento_registrar,registro_documento_registrar_cotizacion_1,registro_documento_registrar_de_1,registro_documento_registrar_prefactura_1
/sistema/inventario/bodega/registrar/	1	inventario_bodega
/sistema/inventario/bodega/seleccionar/	25	empresa_configuracion_adicional,importacion_configuraciones,inventario_movimiento_registrar,inventario_produccion
/sistema/inventario/bodega/seleccionar/?incluir_inactivos=1	1	inventario_movimiento
/sistema/inventario/color/json/agregar?producto_id=	7	inventario_movimiento_registrar,registro_documento_registrar,registro_documento_registrar_cotizacion_1,registro_documento_registrar_de_1
/sistema/inventario/color/seleccionar/	7	inventario_movimiento_registrar,registro_documento_registrar,registro_documento_registrar_cotizacion_1,registro_documento_registrar_de_1
/sistema/inventario/consultar_historial_producto/10460001/	1	producto_consultar_ALA001
/sistema/inventario/consultar_historial_producto/10460049/	1	producto_consultar_COMB001
/sistema/inventario/consultar_historial_producto/10460051/	1	producto_consultar_COMB003
/sistema/inventario/consultar_historial_producto/16092658/	1	producto_consultar_PROU020
/sistema/inventario/costos/producto/json/	4	producto_consultar_ALA001,producto_consultar_COMB001,producto_consultar_COMB003,producto_consultar_PROU020
/sistema/inventario/lote/seleccionar/	8	inventario_movimiento_registrar,registro_documento_guiaremision_registrar,registro_documento_registrar,registro_documento_registrar_cotizacion_1
/sistema/inventario/lotes/administrar/	1	inventario_producto
/sistema/inventario/movimiento/183614137/	1	inventario_movimiento
/sistema/inventario/movimiento/183614137/eliminar/	1	inventario_movimiento
/sistema/inventario/movimiento/183621089/	1	inventario_movimiento
/sistema/inventario/movimiento/183621089/eliminar/	1	inventario_movimiento
/sistema/inventario/movimiento/183622028/	1	inventario_movimiento
/sistema/inventario/movimiento/183622028/eliminar/	1	inventario_movimiento
/sistema/inventario/movimiento/183622601/	1	inventario_movimiento
/sistema/inventario/movimiento/183622601/eliminar/	1	inventario_movimiento
/sistema/inventario/movimiento/183623562/	1	inventario_movimiento
/sistema/inventario/movimiento/183623562/eliminar/	1	inventario_movimiento
/sistema/inventario/movimiento/183623874/	1	inventario_movimiento
/sistema/inventario/movimiento/183623874/eliminar/	1	inventario_movimiento
/sistema/inventario/movimiento/183647928/	1	inventario_movimiento
/sistema/inventario/movimiento/183647928/eliminar/	1	inventario_movimiento
/sistema/inventario/movimiento/183649060/	1	inventario_movimiento
/sistema/inventario/movimiento/183649060/eliminar/	1	inventario_movimiento
/sistema/inventario/movimiento/183651788/	1	inventario_movimiento
/sistema/inventario/movimiento/183651788/eliminar/	1	inventario_movimiento
/sistema/inventario/movimiento/183654539/	1	inventario_movimiento
/sistema/inventario/movimiento/183654539/eliminar/	1	inventario_movimiento
/sistema/inventario/movimiento/183654736/	1	inventario_movimiento
/sistema/inventario/movimiento/183654736/eliminar/	1	inventario_movimiento
/sistema/inventario/movimiento/183654805/	1	inventario_movimiento
/sistema/inventario/movimiento/183654805/eliminar/	1	inventario_movimiento
/sistema/inventario/movimiento/183654823/	1	inventario_movimiento
/sistema/inventario/movimiento/183654823/eliminar/	1	inventario_movimiento
/sistema/inventario/movimiento/183654858/	1	inventario_movimiento
/sistema/inventario/movimiento/183654858/eliminar/	1	inventario_movimiento
/sistema/inventario/movimiento/183655291/	1	inventario_movimiento
/sistema/inventario/movimiento/183655291/eliminar/	1	inventario_movimiento
/sistema/inventario/movimiento/183656429/	1	inventario_movimiento
/sistema/inventario/movimiento/183656429/eliminar/	1	inventario_movimiento
/sistema/inventario/movimiento/183657376/	1	inventario_movimiento
/sistema/inventario/movimiento/183657376/eliminar/	1	inventario_movimiento
/sistema/inventario/movimiento/consultar/183614137/	1	inventario_movimiento
/sistema/inventario/movimiento/consultar/183621089/	1	inventario_movimiento
/sistema/inventario/movimiento/consultar/183622028/	1	inventario_movimiento
/sistema/inventario/movimiento/consultar/183622601/	1	inventario_movimiento
/sistema/inventario/movimiento/consultar/183623562/	1	inventario_movimiento
/sistema/inventario/movimiento/consultar/183623874/	1	inventario_movimiento
/sistema/inventario/movimiento/consultar/183640034/	1	inventario_movimiento
/sistema/inventario/movimiento/consultar/183644949/	1	inventario_movimiento
/sistema/inventario/movimiento/consultar/183644996/	1	inventario_movimiento
/sistema/inventario/movimiento/consultar/183647928/	1	inventario_movimiento
/sistema/inventario/movimiento/consultar/183649060/	1	inventario_movimiento
/sistema/inventario/movimiento/consultar/183649897/	1	inventario_movimiento
/sistema/inventario/movimiento/consultar/183649922/	1	inventario_movimiento
/sistema/inventario/movimiento/consultar/183649984/	1	inventario_movimiento
/sistema/inventario/movimiento/consultar/183650243/	1	inventario_movimiento
/sistema/inventario/movimiento/consultar/183650613/	1	inventario_movimiento
/sistema/inventario/movimiento/consultar/183651788/	1	inventario_movimiento
/sistema/inventario/movimiento/consultar/183654539/	1	inventario_movimiento
/sistema/inventario/movimiento/consultar/183654736/	1	inventario_movimiento
/sistema/inventario/movimiento/consultar/183654805/	1	inventario_movimiento
/sistema/inventario/movimiento/consultar/183654823/	1	inventario_movimiento
/sistema/inventario/movimiento/consultar/183654858/	1	inventario_movimiento
/sistema/inventario/movimiento/consultar/183655291/	1	inventario_movimiento
/sistema/inventario/movimiento/consultar/183656429/	1	inventario_movimiento
/sistema/inventario/movimiento/consultar/183657376/	1	inventario_movimiento
/sistema/inventario/movimiento/descargar_plantilla/1/	1	inventario_movimiento_registrar
/sistema/inventario/movimiento/descargar_plantilla/2/	1	inventario_movimiento_registrar
/sistema/inventario/movimiento/get_detalles_movimiento_inventario/	1	registro_documento_guiaremision_registrar
/sistema/inventario/movimiento/get_detalles_movimiento_inventario/?movimiento_id=	1	inventario_movimiento_registrar
/sistema/inventario/movimiento/get_detalles_movimiento_produccion/?produccion_id=	1	inventario_movimiento_registrar
/sistema/inventario/movimiento/seleccionar/	7	inventario_movimiento_registrar,registro_documento_registrar,registro_documento_registrar_cotizacion_1,registro_documento_registrar_de_1
/sistema/inventario/movimientos/producto/json/	4	producto_consultar_ALA001,producto_consultar_COMB001,producto_consultar_COMB003,producto_consultar_PROU020
/sistema/inventario/produccion/964093/eliminar/	1	inventario_produccion
/sistema/inventario/produccion/964163/eliminar/	1	inventario_produccion
/sistema/inventario/produccion/964166/eliminar/	1	inventario_produccion
/sistema/inventario/produccion/964174/eliminar/	1	inventario_produccion
/sistema/inventario/produccion/964175/eliminar/	1	inventario_produccion
/sistema/inventario/produccion/964176/eliminar/	1	inventario_produccion
/sistema/inventario/produccion/964177/eliminar/	1	inventario_produccion
/sistema/inventario/produccion/964178/eliminar/	1	inventario_produccion
/sistema/inventario/produccion/964179/eliminar/	1	inventario_produccion
/sistema/inventario/produccion/964180/eliminar/	1	inventario_produccion
/sistema/inventario/produccion/964181/eliminar/	1	inventario_produccion
/sistema/inventario/produccion/964201/eliminar/	1	inventario_produccion
/sistema/inventario/produccion/964202/eliminar/	1	inventario_produccion
/sistema/inventario/produccion/964209/eliminar/	1	inventario_produccion
/sistema/inventario/produccion/964210/	1	inventario_produccion
/sistema/inventario/produccion/964210/eliminar/	1	inventario_produccion
/sistema/inventario/produccion/964211/eliminar/	1	inventario_produccion
/sistema/inventario/produccion/964251/	1	inventario_produccion
/sistema/inventario/produccion/964251/eliminar/	1	inventario_produccion
/sistema/inventario/produccion/964252/eliminar/	1	inventario_produccion
/sistema/inventario/produccion/964253/eliminar/	1	inventario_produccion
/sistema/inventario/produccion/964254/eliminar/	1	inventario_produccion
/sistema/inventario/produccion/964332/eliminar/	1	inventario_produccion
/sistema/inventario/produccion/964565/eliminar/	1	inventario_produccion
/sistema/inventario/produccion/964566/eliminar/	1	inventario_produccion
/sistema/inventario/produccion/964727/eliminar/	1	inventario_produccion
/sistema/inventario/produccion/964728/eliminar/	1	inventario_produccion
/sistema/inventario/produccion/964838/?duplicar=1	1	inventario_produccion_registrar
/sistema/inventario/produccion/964838/eliminar/	1	inventario_produccion_registrar
/sistema/inventario/produccion/consultar/964093/	1	inventario_produccion
/sistema/inventario/produccion/consultar/964163/	1	inventario_produccion
/sistema/inventario/produccion/consultar/964166/	1	inventario_produccion
/sistema/inventario/produccion/consultar/964174/	1	inventario_produccion
/sistema/inventario/produccion/consultar/964175/	1	inventario_produccion
/sistema/inventario/produccion/consultar/964176/	1	inventario_produccion
/sistema/inventario/produccion/consultar/964177/	1	inventario_produccion
/sistema/inventario/produccion/consultar/964178/	1	inventario_produccion
/sistema/inventario/produccion/consultar/964179/	1	inventario_produccion
/sistema/inventario/produccion/consultar/964180/	1	inventario_produccion
/sistema/inventario/produccion/consultar/964181/	1	inventario_produccion
/sistema/inventario/produccion/consultar/964201/	1	inventario_produccion
/sistema/inventario/produccion/consultar/964202/	1	inventario_produccion
/sistema/inventario/produccion/consultar/964209/	1	inventario_produccion
/sistema/inventario/produccion/consultar/964210/	1	inventario_produccion
/sistema/inventario/produccion/consultar/964211/	1	inventario_produccion
/sistema/inventario/produccion/consultar/964251/	1	inventario_produccion
/sistema/inventario/produccion/consultar/964252/	1	inventario_produccion
/sistema/inventario/produccion/consultar/964253/	1	inventario_produccion
/sistema/inventario/produccion/consultar/964254/	1	inventario_produccion
/sistema/inventario/produccion/consultar/964332/	1	inventario_produccion
/sistema/inventario/produccion/consultar/964565/	1	inventario_produccion
/sistema/inventario/produccion/consultar/964566/	1	inventario_produccion
/sistema/inventario/produccion/consultar/964727/	1	inventario_produccion
/sistema/inventario/produccion/consultar/964728/	1	inventario_produccion
/sistema/inventario/produccion/consultar/964838/?imprimir=1	1	inventario_produccion_registrar
/sistema/inventario/produccion/liquidacion_formula/	1	inventario_produccion_registrar
/sistema/inventario/produccion/seleccionar/	1	inventario_movimiento_registrar
/sistema/inventario/producciones/producto/json/	4	producto_consultar_ALA001,producto_consultar_COMB001,producto_consultar_COMB003,producto_consultar_PROU020
/sistema/inventario/producto/1/eliminar/	1	inventario_producto
/sistema/inventario/producto/10460001/eliminar/	1	producto_consultar_ALA001
/sistema/inventario/producto/10460049/eliminar/	1	producto_consultar_COMB001
/sistema/inventario/producto/10460051/eliminar/	1	producto_consultar_COMB003
/sistema/inventario/producto/16092658/eliminar/	1	producto_consultar_PROU020
/sistema/inventario/producto/categoria/seleccionar/	12	inventario_movimiento,inventario_producto,inventario_tomafisica,reportes_comparativo_asientos
/sistema/inventario/producto/categoria/seleccionar/?solo_producidos=1	1	inventario_produccion
/sistema/inventario/producto/categoria/seleccionar/?solo_transaccionales=1	6	empresa_configuracion,inventario_producto_registrar2,producto_consultar_ALA001,producto_consultar_COMB001
/sistema/inventario/producto/consultar/10460001/?pdf=historial	1	producto_consultar_ALA001
/sistema/inventario/producto/consultar/10460049/?pdf=historial	1	producto_consultar_COMB001
/sistema/inventario/producto/consultar/10460051/?pdf=historial	1	producto_consultar_COMB003
/sistema/inventario/producto/consultar/16092658/?pdf=historial	1	producto_consultar_PROU020
/sistema/inventario/producto/foto/	5	inventario_producto_registrar2,producto_consultar_ALA001,producto_consultar_COMB001,producto_consultar_COMB003
/sistema/inventario/producto/foto/?foto=	5	inventario_producto_registrar2,producto_consultar_ALA001,producto_consultar_COMB001,producto_consultar_COMB003
/sistema/inventario/producto/get_formula_produccion/?produccion_id=	1	inventario_produccion_registrar
/sistema/inventario/producto/get_fotos/	5	inventario_producto_registrar2,producto_consultar_ALA001,producto_consultar_COMB001,producto_consultar_COMB003
/sistema/inventario/producto/json/	7	inventario_movimiento_registrar,registro_documento_registrar,registro_documento_registrar_cotizacion_1,registro_documento_registrar_de_1
/sistema/inventario/producto/modificar/	1	inventario_producto
/sistema/inventario/producto/seleccionar/	27	empresa_configuracion_adicional,inventario_movimiento,inventario_movimiento_registrar,inventario_tomafisica
/sistema/inventario/producto/seleccionar/?excluir_combos=1&amp;excluir_seriados=1	5	inventario_producto_registrar2,producto_consultar_ALA001,producto_consultar_COMB001,producto_consultar_COMB003
/sistema/inventario/producto/seleccionar/?excluir_combos=1&amp;excluir_seriados=1&amp;solo_activos=1	5	inventario_producto_registrar2,producto_consultar_ALA001,producto_consultar_COMB001,producto_consultar_COMB003
/sistema/inventario/producto/seleccionar/?solo_compra=1&amp;solo_activos=1	1	registro_electronicos_importar_facturas
/sistema/inventario/producto/seleccionar/?solo_importacion=1	1	reportes_bitacora_importacion
/sistema/inventario/producto/seleccionar/?solo_producidos=1	2	inventario_produccion,inventario_produccion_registrar
/sistema/inventario/producto/set_cookies/	1	inventario_producto
/sistema/inventario/producto/variante/seleccionar/	5	inventario_producto_registrar2,producto_consultar_ALA001,producto_consultar_COMB001,producto_consultar_COMB003
/sistema/inventario/series/administrar/	1	inventario_producto
/sistema/inventario/stocks/producto/json/	4	producto_consultar_ALA001,producto_consultar_COMB001,producto_consultar_COMB003,producto_consultar_PROU020
/sistema/inventario/subir_productos/	1	inventario_producto
/sistema/inventario/tomafisica/391041/eliminar/	1	inventario_tomafisica
/sistema/inventario/tomafisica/391042/eliminar/	1	inventario_tomafisica
/sistema/inventario/tomafisica/391043/eliminar/	1	inventario_tomafisica
/sistema/inventario/tomafisica/391044/eliminar/	1	inventario_tomafisica
/sistema/inventario/tomafisica/391055/eliminar/	1	inventario_tomafisica
/sistema/inventario/tomafisica/391056/eliminar/	1	inventario_tomafisica
/sistema/inventario/tomafisica/391065/eliminar/	1	inventario_tomafisica
/sistema/inventario/tomafisica/391068/eliminar/	1	inventario_tomafisica
/sistema/inventario/tomafisica/391069/eliminar/	1	inventario_tomafisica
/sistema/inventario/tomafisica/391070/eliminar/	1	inventario_tomafisica
/sistema/inventario/tomafisica/391071/eliminar/	1	inventario_tomafisica
/sistema/inventario/tomafisica/391072/eliminar/	1	inventario_tomafisica
/sistema/inventario/tomafisica/391073/eliminar/	1	inventario_tomafisica
/sistema/inventario/tomafisica/391074/eliminar/	1	inventario_tomafisica
/sistema/inventario/tomafisica/391075/eliminar/	1	inventario_tomafisica
/sistema/inventario/tomafisica/391077/eliminar/	1	inventario_tomafisica
/sistema/inventario/tomafisica/391115/eliminar/	1	inventario_tomafisica
/sistema/inventario/tomafisica/391117/eliminar/	1	inventario_tomafisica
/sistema/inventario/tomafisica/391151/eliminar/	1	inventario_tomafisica
/sistema/inventario/tomafisica/391153/eliminar/	1	inventario_tomafisica
/sistema/inventario/tomafisica/391155/eliminar/	1	inventario_tomafisica
/sistema/inventario/tomafisica/391156/eliminar/	1	inventario_tomafisica
/sistema/inventario/tomafisica/391157/eliminar/	1	inventario_tomafisica
/sistema/inventario/tomafisica/391160/eliminar/	1	inventario_tomafisica
/sistema/inventario/tomafisica/391161/eliminar/	1	inventario_tomafisica
/sistema/inventario/tomafisica/consultar/391041/	1	inventario_tomafisica
/sistema/inventario/tomafisica/consultar/391042/	1	inventario_tomafisica
/sistema/inventario/tomafisica/consultar/391043/	1	inventario_tomafisica
/sistema/inventario/tomafisica/consultar/391044/	1	inventario_tomafisica
/sistema/inventario/tomafisica/consultar/391055/	1	inventario_tomafisica
/sistema/inventario/tomafisica/consultar/391056/	1	inventario_tomafisica
/sistema/inventario/tomafisica/consultar/391065/	1	inventario_tomafisica
/sistema/inventario/tomafisica/consultar/391068/	1	inventario_tomafisica
/sistema/inventario/tomafisica/consultar/391069/	1	inventario_tomafisica
/sistema/inventario/tomafisica/consultar/391070/	1	inventario_tomafisica
/sistema/inventario/tomafisica/consultar/391071/	1	inventario_tomafisica
/sistema/inventario/tomafisica/consultar/391072/	1	inventario_tomafisica
/sistema/inventario/tomafisica/consultar/391073/	1	inventario_tomafisica
/sistema/inventario/tomafisica/consultar/391074/	1	inventario_tomafisica
/sistema/inventario/tomafisica/consultar/391075/	1	inventario_tomafisica
/sistema/inventario/tomafisica/consultar/391077/	1	inventario_tomafisica
/sistema/inventario/tomafisica/consultar/391115/	1	inventario_tomafisica
/sistema/inventario/tomafisica/consultar/391117/	1	inventario_tomafisica
/sistema/inventario/tomafisica/consultar/391151/	1	inventario_tomafisica
/sistema/inventario/tomafisica/consultar/391153/	1	inventario_tomafisica
/sistema/inventario/tomafisica/consultar/391155/	1	inventario_tomafisica
/sistema/inventario/tomafisica/consultar/391156/	1	inventario_tomafisica
/sistema/inventario/tomafisica/consultar/391157/	1	inventario_tomafisica
/sistema/inventario/tomafisica/consultar/391160/	1	inventario_tomafisica
/sistema/inventario/tomafisica/consultar/391161/	1	inventario_tomafisica
/sistema/inventario/tomafisica/descargar_plantilla/	1	inventario_tomafisica_registrar
/sistema/inventario/tomafisica/descargar_plantilla_detallada/	1	inventario_tomafisica_registrar
/sistema/inventario/unidad/331127/	1	inventario_unidad
/sistema/inventario/unidad/331127/consultar/	1	inventario_unidad
/sistema/inventario/unidad/331127/eliminar/	1	inventario_unidad
/sistema/inventario/unidad/331128/	1	inventario_unidad
/sistema/inventario/unidad/331128/consultar/	1	inventario_unidad
/sistema/inventario/unidad/331128/eliminar/	1	inventario_unidad
/sistema/inventario/unidad/331129/	1	inventario_unidad
/sistema/inventario/unidad/331129/consultar/	1	inventario_unidad
/sistema/inventario/unidad/331129/eliminar/	1	inventario_unidad
/sistema/inventario/unidad/331130/	1	inventario_unidad
/sistema/inventario/unidad/331130/consultar/	1	inventario_unidad
/sistema/inventario/unidad/331130/eliminar/	1	inventario_unidad
/sistema/inventario/unidad/331131/	1	inventario_unidad
/sistema/inventario/unidad/331131/consultar/	1	inventario_unidad
/sistema/inventario/unidad/331131/eliminar/	1	inventario_unidad
/sistema/inventario/unidad/331132/	1	inventario_unidad
/sistema/inventario/unidad/331132/consultar/	1	inventario_unidad
/sistema/inventario/unidad/331132/eliminar/	1	inventario_unidad
/sistema/inventario/unidad/331133/	1	inventario_unidad
/sistema/inventario/unidad/331133/consultar/	1	inventario_unidad
/sistema/inventario/unidad/331133/eliminar/	1	inventario_unidad
/sistema/inventario/unidad/331134/	1	inventario_unidad
/sistema/inventario/unidad/331134/consultar/	1	inventario_unidad
/sistema/inventario/unidad/331134/eliminar/	1	inventario_unidad
/sistema/inventario/unidad/331135/	1	inventario_unidad
/sistema/inventario/unidad/331135/consultar/	1	inventario_unidad
/sistema/inventario/unidad/331135/eliminar/	1	inventario_unidad
/sistema/inventario/unidad/331136/	1	inventario_unidad
/sistema/inventario/unidad/331136/consultar/	1	inventario_unidad
/sistema/inventario/unidad/331136/eliminar/	1	inventario_unidad
/sistema/inventario/unidad/331137/	1	inventario_unidad
/sistema/inventario/unidad/331137/consultar/	1	inventario_unidad
/sistema/inventario/unidad/331137/eliminar/	1	inventario_unidad
/sistema/inventario/unidad/331138/	1	inventario_unidad
/sistema/inventario/unidad/331138/consultar/	1	inventario_unidad
/sistema/inventario/unidad/331138/eliminar/	1	inventario_unidad
/sistema/inventario/unidad/331139/	1	inventario_unidad
/sistema/inventario/unidad/331139/consultar/	1	inventario_unidad
/sistema/inventario/unidad/331139/eliminar/	1	inventario_unidad
/sistema/inventario/unidad/370709/	1	inventario_unidad
/sistema/inventario/unidad/370709/consultar/	1	inventario_unidad
/sistema/inventario/unidad/370709/eliminar/	1	inventario_unidad
/sistema/inventario/unidad/370710/	1	inventario_unidad
/sistema/inventario/unidad/370710/consultar/	1	inventario_unidad
/sistema/inventario/unidad/370710/eliminar/	1	inventario_unidad
/sistema/inventario/unidad/370728/	1	inventario_unidad
/sistema/inventario/unidad/370728/consultar/	1	inventario_unidad
/sistema/inventario/unidad/370728/eliminar/	1	inventario_unidad
/sistema/inventario/unidad/382443/	1	inventario_unidad
/sistema/inventario/unidad/382443/consultar/	1	inventario_unidad
/sistema/inventario/unidad/382443/eliminar/	1	inventario_unidad
/sistema/inventario/unidad/384937/	1	inventario_unidad
/sistema/inventario/unidad/384937/consultar/	1	inventario_unidad
/sistema/inventario/unidad/384937/eliminar/	1	inventario_unidad
/sistema/inventario/unidad/384973/	1	inventario_unidad
/sistema/inventario/unidad/384973/consultar/	1	inventario_unidad
/sistema/inventario/unidad/384973/eliminar/	1	inventario_unidad
/sistema/inventario/unidad/384974/	1	inventario_unidad
/sistema/inventario/unidad/384974/consultar/	1	inventario_unidad
/sistema/inventario/unidad/384974/eliminar/	1	inventario_unidad
/sistema/inventario/unidad/385114/	1	inventario_unidad
/sistema/inventario/unidad/385114/consultar/	1	inventario_unidad
/sistema/inventario/unidad/385114/eliminar/	1	inventario_unidad
/sistema/inventario/unidad/393519/	1	inventario_unidad
/sistema/inventario/unidad/393519/consultar/	1	inventario_unidad
/sistema/inventario/unidad/393519/eliminar/	1	inventario_unidad
/sistema/inventario/unidad/424865/	1	inventario_unidad
/sistema/inventario/unidad/424865/consultar/	1	inventario_unidad
/sistema/inventario/unidad/424865/eliminar/	1	inventario_unidad
/sistema/inventario/unidad/478902/	1	inventario_unidad
/sistema/inventario/unidad/478902/consultar/	1	inventario_unidad
/sistema/inventario/unidad/478902/eliminar/	1	inventario_unidad
/sistema/inventario/unidad/478930/	1	inventario_unidad
/sistema/inventario/unidad/478930/consultar/	1	inventario_unidad
/sistema/inventario/unidad/478930/eliminar/	1	inventario_unidad
/sistema/inventario/unidad/registrar/	1	inventario_unidad
/sistema/inventario/unidad/seleccionar/	6	empresa_configuracion_adicional,inventario_producto_registrar2,producto_consultar_ALA001,producto_consultar_COMB001
/sistema/inventario/variantes/producto/json/	4	producto_consultar_ALA001,producto_consultar_COMB001,producto_consultar_COMB003,producto_consultar_PROU020
/sistema/login_tienda/	9	empresa_configuracion_factura_electronica,registro_documento_registrar,registro_documento_registrar_cotizacion_1,registro_documento_registrar_de_1
/sistema/persona/123/	3	registro_documento,registro_documento_emision,registro_documento_tipo_registro
/sistema/persona/28677903/	1	rrhh_prestamos
/sistema/persona/37638044/	1	persona
/sistema/persona/40722000/	1	rrhh_prestamos
/sistema/persona/41241784/	1	persona
/sistema/persona/41273272/	1	rrhh_prestamos
/sistema/persona/41322729/	1	rrhh_prestamos
/sistema/persona/41527666/	1	persona
/sistema/persona/41781742/	1	persona
/sistema/persona/42160097/	1	persona
/sistema/persona/42219081/	1	rrhh_prestamos
/sistema/persona/42466279/	1	rrhh_prestamos
/sistema/persona/42781782/	1	persona
/sistema/persona/43044000/	1	persona
/sistema/persona/43062332/	1	persona
/sistema/persona/43078328/	1	persona
/sistema/persona/43097727/	1	persona
/sistema/persona/43260314/	1	persona
/sistema/persona/43309415/	1	persona
/sistema/persona/43444431/	1	rrhh_prestamos
/sistema/persona/43551032/	1	persona
/sistema/persona/43568589/	1	rrhh_prestamos
/sistema/persona/43587210/	1	persona
/sistema/persona/43697323/	1	persona
/sistema/persona/44018523/	1	rrhh_prestamos
/sistema/persona/44162773/	1	persona
/sistema/persona/44163253/	1	persona
/sistema/persona/44221995/	1	persona
/sistema/persona/44234000/	1	rrhh_prestamos
/sistema/persona/44453596/	1	persona
/sistema/persona/44573684/	1	rrhh_prestamos
/sistema/persona/44582418/	1	persona
/sistema/persona/44657460/	1	rrhh_prestamos
/sistema/persona/analisis_tfc_smart/	7	persona_registrar,registro_documento_registrar,registro_documento_registrar_cotizacion_1,registro_documento_registrar_de_1
/sistema/persona/consultar/37638044/	1	persona
/sistema/persona/consultar/41241784/	1	persona
/sistema/persona/consultar/41493115/	1	rrhh_movimientos_consultar_movimientos
/sistema/persona/consultar/41507620/	1	rrhh_movimientos_consultar_movimientos
/sistema/persona/consultar/41527666/	1	persona
/sistema/persona/consultar/41668690/	1	rrhh_movimientos_consultar_movimientos
/sistema/persona/consultar/41739891/	1	rrhh_movimientos_consultar_movimientos
/sistema/persona/consultar/41781742/	1	persona
/sistema/persona/consultar/41922898/	1	rrhh_movimientos_consultar_movimientos
/sistema/persona/consultar/42160097/	1	persona
/sistema/persona/consultar/42219081/	1	rrhh_movimientos_consultar_movimientos
/sistema/persona/consultar/42466279/	1	rrhh_movimientos_consultar_movimientos
/sistema/persona/consultar/42718603/	1	rrhh_movimientos_consultar_movimientos
/sistema/persona/consultar/42781782/	1	persona
/sistema/persona/consultar/42793782/	1	rrhh_movimientos_consultar_movimientos
/sistema/persona/consultar/42898089/	1	rrhh_movimientos_consultar_movimientos
/sistema/persona/consultar/43044000/	1	persona
/sistema/persona/consultar/43044399/	1	rrhh_movimientos_consultar_movimientos
/sistema/persona/consultar/43053970/	1	rrhh_movimientos_consultar_movimientos
/sistema/persona/consultar/43062332/	1	persona
/sistema/persona/consultar/43078328/	1	persona
/sistema/persona/consultar/43097727/	1	persona
/sistema/persona/consultar/43260314/	1	persona
/sistema/persona/consultar/43309415/	1	persona
/sistema/persona/consultar/43440148/	1	rrhh_movimientos_consultar_movimientos
/sistema/persona/consultar/43444431/	1	rrhh_movimientos_consultar_movimientos
/sistema/persona/consultar/43551032/	1	persona
/sistema/persona/consultar/43568589/	1	rrhh_movimientos_consultar_movimientos
/sistema/persona/consultar/43568634/	1	rrhh_movimientos_consultar_movimientos
/sistema/persona/consultar/43573143/	1	rrhh_movimientos_consultar_movimientos
/sistema/persona/consultar/43587210/	1	persona
/sistema/persona/consultar/43697323/	1	persona
/sistema/persona/consultar/43708467/	1	rrhh_movimientos_consultar_movimientos
/sistema/persona/consultar/44017832/	1	rrhh_movimientos_consultar_movimientos
/sistema/persona/consultar/44018523/	1	rrhh_movimientos_consultar_movimientos
/sistema/persona/consultar/44022706/	1	rrhh_movimientos_consultar_movimientos
/sistema/persona/consultar/44048585/	1	rrhh_movimientos_consultar_movimientos
/sistema/persona/consultar/44156775/	1	rrhh_movimientos_consultar_movimientos
/sistema/persona/consultar/44157815/	1	rrhh_movimientos_consultar_movimientos
/sistema/persona/consultar/44162773/	1	persona
/sistema/persona/consultar/44163253/	1	persona
/sistema/persona/consultar/44204192/	1	rrhh_movimientos_consultar_movimientos
/sistema/persona/consultar/44221995/	1	persona
/sistema/persona/consultar/44453596/	1	persona
/sistema/persona/consultar/44582418/	1	persona
/sistema/persona/consumidorfinal_json/	1	persona_registrar
/sistema/persona/eliminar/1/	1	persona
/sistema/persona/eliminar/37638044/	1	persona
/sistema/persona/eliminar/41241784/	1	persona
/sistema/persona/eliminar/41527666/	1	persona
/sistema/persona/eliminar/41781742/	1	persona
/sistema/persona/eliminar/42160097/	1	persona
/sistema/persona/eliminar/42781782/	1	persona
/sistema/persona/eliminar/43044000/	1	persona
/sistema/persona/eliminar/43062332/	1	persona
/sistema/persona/eliminar/43078328/	1	persona
/sistema/persona/eliminar/43097727/	1	persona
/sistema/persona/eliminar/43260314/	1	persona
/sistema/persona/eliminar/43309415/	1	persona
/sistema/persona/eliminar/43551032/	1	persona
/sistema/persona/eliminar/43587210/	1	persona
/sistema/persona/eliminar/43697323/	1	persona
/sistema/persona/eliminar/44162773/	1	persona
/sistema/persona/eliminar/44163253/	1	persona
/sistema/persona/eliminar/44221995/	1	persona
/sistema/persona/eliminar/44453596/	1	persona
/sistema/persona/eliminar/44582418/	1	persona
/sistema/persona/ms_validar_persona/	1	persona_registrar
/sistema/persona/seleccionar/	35	banco_anticipo_registrar,banco_cheque_protestado,banco_movimiento_registrar,banco_movimiento_registrar_tipo_registro_tipo_movimiento
/sistema/persona/seleccionar/?tipopersona=CLI	2	banco_cheque_protestado_registrar,registro_deposito
/sistema/persona/seleccionar/?tipopersona=PRO	5	importacion_configuraciones,registro_documento_guiaremision,registro_documento_guiaremision_registrar,tarjeta_credito_liquidacion
/sistema/persona/seleccionar/?tipopersona=VEN	1	reportes_control_cartera_op
/sistema/persona/seleccionar/categoria	6	persona_registrar,registro_documento,registro_documento_emision,registro_documento_tipo_registro
/sistema/pos/caja/seleccionar/	5	registro_deposito_registrar,registro_documento,registro_documento_emision,registro_documento_tipo_registro
/sistema/pos/consultar_pos/12777/	1	pos_consultar_pos
/sistema/pos/consultar_pos/12923/	1	pos_consultar_pos
/sistema/pos/consultar_pos/12974/	1	pos_consultar_pos
/sistema/pos/consultar_pos/13162/	1	pos_consultar_pos
/sistema/pos/consultar_pos/13217/	1	pos_consultar_pos
/sistema/pos/consultar_pos/13400/	1	pos_consultar_pos
/sistema/pos/consultar_pos/13473/	1	pos_consultar_pos
/sistema/pos/consultar_pos/8731/	1	pos_consultar_pos
/sistema/pos/consultar_pos/8732/	1	pos_consultar_pos
/sistema/pos/consultar_pos/8822/	1	pos_consultar_pos
/sistema/pos/consultar_pos/8917/	1	pos_consultar_pos
/sistema/pos/consultar_pos/8918/	1	pos_consultar_pos
/sistema/pos/importar_ventas/plantilla/0/	1	pos_importar_ventas
/sistema/pos/seleccionar/	2	registro_deposito,registro_deposito_registrar
/sistema/registro/agrupar_documentos/	9	registro_documento,registro_documento_emision,registro_documento_registrar,registro_documento_registrar_cotizacion_1
/sistema/registro/agrupar_presupuestos/	2	registro_documento_proforma_1,registro_documento_proforma_1_tipo_documento
/sistema/registro/agrupar_proformas/	2	registro_documento_proforma_1,registro_documento_proforma_1_tipo_documento
/sistema/registro/ajax/docs/	3	registro_documento,registro_documento_emision,registro_documento_tipo_registro
/sistema/registro/ajax/docs/eliminar/123/	3	registro_documento,registro_documento_emision,registro_documento_tipo_registro
/sistema/registro/ajax/guias_remision/	1	registro_documento_guiaremision
/sistema/registro/ajax/transacciones/	3	registro_transaccion,registro_transaccion_tipo,registro_transaccion_tipo_forma_pago
/sistema/registro/anticipo/seleccionar/	2	registro_transaccion_cruzar_documentos,registro_transaccion_registrar
/sistema/registro/autorizacion/999999/	1	empresa_configuracion_autoriza_sri
/sistema/registro/autorizacion/eliminar_ajax/999999/	1	empresa_configuracion_autoriza_sri
/sistema/registro/autorizacion/registrar/	1	empresa_configuracion_autoriza_sri
/sistema/registro/caja/seleccionar/	1	reportes_ventas_nuevo
/sistema/registro/comisiones/excel_resumen/	2	registro_documento_proforma_1,registro_documento_proforma_1_tipo_documento
/sistema/registro/deposito/2917832/	1	registro_deposito
/sistema/registro/deposito/2917836/	1	registro_deposito
/sistema/registro/deposito/2917840/	1	registro_deposito
/sistema/registro/deposito/2917875/	1	registro_deposito
/sistema/registro/deposito/2917881/	1	registro_deposito
/sistema/registro/deposito/2917884/	1	registro_deposito
/sistema/registro/deposito/2917887/	1	registro_deposito
/sistema/registro/deposito/2917892/	1	registro_deposito
/sistema/registro/deposito/2917901/	1	registro_deposito
/sistema/registro/deposito/2917905/	1	registro_deposito
/sistema/registro/deposito/2917908/	1	registro_deposito
/sistema/registro/deposito/2918039/	1	registro_deposito
/sistema/registro/deposito/2918042/	1	registro_deposito
/sistema/registro/deposito/2918044/	1	registro_deposito
/sistema/registro/deposito/2918055/	1	registro_deposito
/sistema/registro/deposito/2918069/	1	registro_deposito
/sistema/registro/deposito/2918077/	1	registro_deposito
/sistema/registro/deposito/2918083/	1	registro_deposito
/sistema/registro/deposito/2918090/	1	registro_deposito
/sistema/registro/deposito/2918091/	1	registro_deposito
/sistema/registro/deposito/2918432/	1	registro_deposito
/sistema/registro/deposito/2918437/	1	registro_deposito
/sistema/registro/deposito/2918443/	1	registro_deposito
/sistema/registro/deposito/2918873/	1	registro_deposito
/sistema/registro/deposito/2918886/	1	registro_deposito
/sistema/registro/deposito/consultar/2917832/	1	registro_deposito
/sistema/registro/deposito/consultar/2917836/	1	registro_deposito
/sistema/registro/deposito/consultar/2917840/	1	registro_deposito
/sistema/registro/deposito/consultar/2917875/	1	registro_deposito
/sistema/registro/deposito/consultar/2917881/	1	registro_deposito
/sistema/registro/deposito/consultar/2917884/	1	registro_deposito
/sistema/registro/deposito/consultar/2917887/	1	registro_deposito
/sistema/registro/deposito/consultar/2917892/	1	registro_deposito
/sistema/registro/deposito/consultar/2917901/	1	registro_deposito
/sistema/registro/deposito/consultar/2917905/	1	registro_deposito
/sistema/registro/deposito/consultar/2917908/	1	registro_deposito
/sistema/registro/deposito/consultar/2918039/	1	registro_deposito
/sistema/registro/deposito/consultar/2918042/	1	registro_deposito
/sistema/registro/deposito/consultar/2918044/	1	registro_deposito
/sistema/registro/deposito/consultar/2918055/	1	registro_deposito
/sistema/registro/deposito/consultar/2918069/	1	registro_deposito
/sistema/registro/deposito/consultar/2918077/	1	registro_deposito
/sistema/registro/deposito/consultar/2918083/	1	registro_deposito
/sistema/registro/deposito/consultar/2918090/	1	registro_deposito
/sistema/registro/deposito/consultar/2918091/	1	registro_deposito
/sistema/registro/deposito/consultar/2918432/	1	registro_deposito
/sistema/registro/deposito/consultar/2918437/	1	registro_deposito
/sistema/registro/deposito/consultar/2918443/	1	registro_deposito
/sistema/registro/deposito/consultar/2918873/	1	registro_deposito
/sistema/registro/deposito/consultar/2918886/	1	registro_deposito
/sistema/registro/deposito/eliminar/2917832/	1	registro_deposito
/sistema/registro/deposito/eliminar/2917836/	1	registro_deposito
/sistema/registro/deposito/eliminar/2917840/	1	registro_deposito
/sistema/registro/deposito/eliminar/2917875/	1	registro_deposito
/sistema/registro/deposito/eliminar/2917881/	1	registro_deposito
/sistema/registro/deposito/eliminar/2917884/	1	registro_deposito
/sistema/registro/deposito/eliminar/2917887/	1	registro_deposito
/sistema/registro/deposito/eliminar/2917892/	1	registro_deposito
/sistema/registro/deposito/eliminar/2917901/	1	registro_deposito
/sistema/registro/deposito/eliminar/2917905/	1	registro_deposito
/sistema/registro/deposito/eliminar/2917908/	1	registro_deposito
/sistema/registro/deposito/eliminar/2918039/	1	registro_deposito
/sistema/registro/deposito/eliminar/2918042/	1	registro_deposito
/sistema/registro/deposito/eliminar/2918044/	1	registro_deposito
/sistema/registro/deposito/eliminar/2918055/	1	registro_deposito
/sistema/registro/deposito/eliminar/2918069/	1	registro_deposito
/sistema/registro/deposito/eliminar/2918077/	1	registro_deposito
/sistema/registro/deposito/eliminar/2918083/	1	registro_deposito
/sistema/registro/deposito/eliminar/2918090/	1	registro_deposito
/sistema/registro/deposito/eliminar/2918091/	1	registro_deposito
/sistema/registro/deposito/eliminar/2918432/	1	registro_deposito
/sistema/registro/deposito/eliminar/2918437/	1	registro_deposito
/sistema/registro/deposito/eliminar/2918443/	1	registro_deposito
/sistema/registro/deposito/eliminar/2918873/	1	registro_deposito
/sistema/registro/deposito/eliminar/2918886/	1	registro_deposito
/sistema/registro/documento/123/	5	registro_documento,registro_documento_emision,registro_documento_tipo_registro,registro_electronicos_importar_facturas
/sistema/registro/documento/cargar_datos_xml/	7	registro_documento_registrar,registro_documento_registrar_cotizacion_1,registro_documento_registrar_de_1,registro_documento_registrar_prefactura_1
/sistema/registro/documento/consultar/123/	5	registro_documento,registro_documento_emision,registro_documento_tipo_registro,registro_electronicos_importar_facturas
/sistema/registro/documento/consultar/212443647/	1	registro_documento_proforma_1
/sistema/registro/documento/consultar/239175245/	2	registro_documento_proforma_1,registro_documento_proforma_1_tipo_documento
/sistema/registro/documento/consultar/336045793/	1	registro_documento_proforma_1
/sistema/registro/documento/consultar/427289253/	1	registro_documento_proforma_1
/sistema/registro/documento/consultar/444606864/	1	registro_documento_proforma_1
/sistema/registro/documento/eliminar/1/	3	registro_documento,registro_documento_emision,registro_documento_tipo_registro
/sistema/registro/documento/enviar_proforma/	6	registro_documento_registrar,registro_documento_registrar_cotizacion_1,registro_documento_registrar_de_1,registro_documento_registrar_prefactura_1
/sistema/registro/documento/firmar/	8	registro_documento_guiaremision_registrar,registro_documento_registrar,registro_documento_registrar_cotizacion_1,registro_documento_registrar_de_1
/sistema/registro/documento/get_detalles_documento/	1	registro_documento_guiaremision_registrar
/sistema/registro/documento/get_detalles_ocv/	1	registro_documento_guiaremision_registrar
/sistema/registro/documento/get_porcentaje_iva/	6	registro_documento_registrar,registro_documento_registrar_cotizacion_1,registro_documento_registrar_de_1,registro_documento_registrar_prefactura_1
/sistema/registro/documento/get_secuencia_dac/	6	registro_documento_registrar,registro_documento_registrar_cotizacion_1,registro_documento_registrar_de_1,registro_documento_registrar_prefactura_1
/sistema/registro/documento/get_secuencia_proforma/?tipo_documento=	6	registro_documento_registrar,registro_documento_registrar_cotizacion_1,registro_documento_registrar_de_1,registro_documento_registrar_prefactura_1
/sistema/registro/documento/guiaremision/0/	1	registro_documento_guiaremision
/sistema/registro/documento/guiaremision/agrupar_guias/	1	registro_documento_guiaremision
/sistema/registro/documento/guiaremision/consultar/0/	1	registro_documento_guiaremision
/sistema/registro/documento/guiaremision/eliminar_ajax/0/	1	registro_documento_guiaremision
/sistema/registro/documento/guiaremision/secuencia/	1	registro_documento_guiaremision_registrar
/sistema/registro/documento/imprimir/0/	6	banco_movimientos,banco_movimientos_generado,banco_movimientos_tipo_movimiento,registro_transaccion
/sistema/registro/documento/imprimir/123/?tipo=DOC	3	registro_documento,registro_documento_emision,registro_documento_tipo_registro
/sistema/registro/documento/imprimir/123/?tipo=MED	3	registro_documento,registro_documento_emision,registro_documento_tipo_registro
/sistema/registro/documento/ordencompraventa/seleccionar/	10	inventario_movimiento_registrar,registro_documento,registro_documento_emision,registro_documento_guiaremision_registrar
/sistema/registro/documento/registrar/?emision=FI	1	reportes_resumen
/sistema/registro/documento/secuencia/	7	registro_documento_registrar,registro_documento_registrar_cotizacion_1,registro_documento_registrar_de_1,registro_documento_registrar_prefactura_1
/sistema/registro/documento/seleccionar/	11	registro_documento_guiaremision,registro_documento_guiaremision_registrar,registro_documento_registrar,registro_documento_registrar_cotizacion_1
/sistema/registro/documento_a_reembolsar/seleccionar/	6	registro_documento_registrar,registro_documento_registrar_cotizacion_1,registro_documento_registrar_de_1,registro_documento_registrar_prefactura_1
/sistema/registro/documento_anulado/registrar/	1	registro_documento_anulado
/sistema/registro/documentos/ocv/producto/json/	4	producto_consultar_ALA001,producto_consultar_COMB001,producto_consultar_COMB003,producto_consultar_PROU020
/sistema/registro/documentos/producto/json/	4	producto_consultar_ALA001,producto_consultar_COMB001,producto_consultar_COMB003,producto_consultar_PROU020
/sistema/registro/electronicos/configuracion/	1	registro_electronicos_importar_facturas
/sistema/registro/electronicos/consultar_progreso_bandeja/retencion	1	registro_electronicos_importar_retenciones
/sistema/registro/electronicos/consultar_progreso_task_async/9999/	1	registro_electronicos_importar_facturas
/sistema/registro/electronicos/docs/	2	registro_electronicos_importar_facturas,registro_electronicos_importar_retenciones
/sistema/registro/electronicos/docs_importados_internos/	1	registro_electronicos_importar_facturas
/sistema/registro/electronicos/eliminar_importados_compra/	1	registro_electronicos_importar_facturas
/sistema/registro/electronicos/eliminar_importados_retencion/	1	registro_electronicos_importar_retenciones
/sistema/registro/electronicos/importado/eliminar/123/	1	registro_electronicos_importar_retenciones
/sistema/registro/electronicos/importado_interno/aceptar/	1	registro_electronicos_importar_facturas
/sistema/registro/electronicos/importado_interno/eliminar/	1	registro_electronicos_importar_facturas
/sistema/registro/electronicos/importar/	3	registro_documento,registro_documento_emision,registro_documento_tipo_registro
/sistema/registro/electronicos/importar/facturas/nuevas	1	registro_electronicos_importar_facturas
/sistema/registro/electronicos/importar/retenciones/nuevas	1	registro_electronicos_importar_retenciones
/sistema/registro/electronicos/procesar/facturas_async	1	registro_electronicos_importar_facturas
/sistema/registro/electronicos/reporte_carga_compras/	1	registro_electronicos_importar_facturas
/sistema/registro/electronicos/reprocesar/facturas_async	1	registro_electronicos_importar_facturas
/sistema/registro/electronicos/reprocesar_documento_ajax/123/	1	registro_electronicos_importar_facturas
/sistema/registro/electronicos/subida/factura_xml	1	registro_electronicos_importar_facturas
/sistema/registro/electronicos/subida/facturas_async	1	registro_electronicos_importar_facturas
/sistema/registro/electronicos/subida/retencion_xml	1	registro_electronicos_importar_retenciones
/sistema/registro/electronicos/subida/retenciones_async	1	registro_electronicos_importar_retenciones
/sistema/registro/generar_reporte_excel_sincronizacion/	3	registro_documento,registro_documento_emision,registro_documento_tipo_registro
/sistema/registro/importar_documentos_pendientes/	3	registro_documento,registro_documento_emision,registro_documento_tipo_registro
/sistema/registro/obtener_documentos_sincronizacion/	3	registro_documento,registro_documento_emision,registro_documento_tipo_registro
/sistema/registro/ocv/get_pendientes_inventario/?documento_id=	1	inventario_movimiento_registrar
/sistema/registro/proyecto/etapa/json/	1	empresa_configuracion_usuario_registrar
/sistema/registro/proyecto/seleccionar/	22	banco_anticipo_registrar,banco_movimiento_registrar,banco_movimiento_registrar_tipo_registro_tipo_movimiento,contabilidad_libro_diario
/sistema/registro/transaccion/0/	6	banco_movimientos,banco_movimientos_generado,banco_movimientos_tipo_movimiento,registro_transaccion
/sistema/registro/transaccion/consultar/0/	6	banco_movimientos,banco_movimientos_generado,banco_movimientos_tipo_movimiento,registro_transaccion
/sistema/registro/transaccion/eliminar_transacciones_masivas/	6	banco_movimientos,banco_movimientos_generado,banco_movimientos_tipo_movimiento,registro_transaccion
/sistema/reportes/ajax/extendido/	1	reportes_log_extendido
/sistema/reportes/api/proyeccion_ventas/	2	reportes_panel,reportes_resumen
/sistema/reportes/api/ratios_financieros/?t=arpu_utilidad	2	reportes_panel,reportes_resumen
/sistema/reportes/api/ratios_financieros/?t=barras	2	reportes_panel,reportes_resumen
/sistema/reportes/api/ratios_financieros/?t=presupuesto	2	reportes_panel,reportes_resumen
/sistema/reportes/api/ratios_financieros/cuentas/0/	2	reportes_panel,reportes_resumen
/sistema/reportes/api/ratios_gestion/cuentas/0/	2	reportes_panel,reportes_resumen
/sistema/reportes/api/ratios_gestion/dias_cobro/	2	reportes_panel,reportes_resumen
/sistema/reportes/api/ratios_gestion/dias_pago/	2	reportes_panel,reportes_resumen
/sistema/reportes/formulario103/	1	reportes_formularios103
/sistema/reportes/formulario104/	1	reportes_formularios104
/sistema/reportes/personalizado_comprasventas/11157/eliminar/	1	reportes_personalizados_comprasventas
/sistema/reportes/personalizado_comprasventas/13058/eliminar/	1	reportes_personalizados_comprasventas
/sistema/reportes/personalizado_comprasventas/14061/eliminar/	1	reportes_personalizados_comprasventas
/sistema/reportes/personalizado_comprasventas/registrar/	1	reportes_personalizados_comprasventas
/sistema/reportes/personalizado_comprasventas/registrar/11157/	1	reportes_personalizados_comprasventas
/sistema/reportes/personalizado_comprasventas/registrar/13058/	1	reportes_personalizados_comprasventas
/sistema/reportes/personalizado_comprasventas/registrar/14061/	1	reportes_personalizados_comprasventas
/sistema/reportes/pie_ingresos_egresos/4/?filtro=AC	2	reportes_panel,reportes_resumen
/sistema/reportes/pie_ingresos_egresos/5/?filtro=AC	2	reportes_panel,reportes_resumen
/sistema/reportes/reporte_cartera_dashboard/	2	reportes_panel,reportes_resumen
/sistema/reportes/reporte_cuentas_dashboard/	2	reportes_panel,reportes_resumen
/sistema/reportes/ventas_mensual/	2	reportes_panel,reportes_resumen
/sistema/reportes/ventas_vendedor_meses/	1	reportes_ventas_vendedor
/sistema/rrhh/cargar_archivo_centroscostos_ajax/	1	rrhh_pago_registrar_pago_tipo_rol
/sistema/rrhh/cargar_archivo_roles_ajax/	1	rrhh_pago_registrar_pago_tipo_rol
/sistema/rrhh/cargo/eliminar/	1	rrhh_configuraciones
/sistema/rrhh/cargo/seleccionar/	1	persona_registrar
/sistema/rrhh/consultar_acumulado_beneficio_persona/	1	rrhh_periodo_pagos_beneficios
/sistema/rrhh/consultar_beneficio_persona/	1	rrhh_periodo_pagos_beneficios
/sistema/rrhh/cuenta_bancaria/	1	rrhh_configuraciones
/sistema/rrhh/cuentas_default/	1	rrhh_configuraciones
/sistema/rrhh/departamento/eliminar/	1	rrhh_configuraciones
/sistema/rrhh/departamento/modificar/	1	rrhh_configuraciones
/sistema/rrhh/departamento/registrar/	1	rrhh_configuraciones
/sistema/rrhh/departamento/seleccionar/	1	persona_registrar
/sistema/rrhh/pago/agregar_egresos_masivo/	1	rrhh_pago_registrar_pago_tipo_rol
/sistema/rrhh/pago/registrar_pago/	1	rrhh_pago_registrar_pago_tipo_rol
/sistema/rrhh/pago/registrar_rubros_masivos/	1	rrhh_pago_registrar_pago_tipo_rol
/sistema/rrhh/prestamos/299422/?tipo_rol=RPM	1	rrhh_prestamos
/sistema/rrhh/prestamos/299423/?tipo_rol=RPM	1	rrhh_prestamos
/sistema/rrhh/prestamos/299425/?tipo_rol=RPM	1	rrhh_prestamos
/sistema/rrhh/prestamos/299426/?tipo_rol=RPM	1	rrhh_prestamos
/sistema/rrhh/prestamos/299427/?tipo_rol=RPM	1	rrhh_prestamos
/sistema/rrhh/prestamos/299428/?tipo_rol=RPM	1	rrhh_prestamos
/sistema/rrhh/prestamos/299429/?tipo_rol=RPM	1	rrhh_prestamos
/sistema/rrhh/prestamos/299430/?tipo_rol=RPM	1	rrhh_prestamos
/sistema/rrhh/prestamos/299431/?tipo_rol=RPM	1	rrhh_prestamos
/sistema/rrhh/prestamos/299432/?tipo_rol=RPM	1	rrhh_prestamos
/sistema/rrhh/prestamos/300315/?tipo_rol=RPM	1	rrhh_prestamos
/sistema/rrhh/prestamos/300318/?tipo_rol=RPM	1	rrhh_prestamos
/sistema/rrhh/prestamos/300367/?tipo_rol=RPM	1	rrhh_prestamos
/sistema/rrhh/prestamos/300368/?tipo_rol=RPM	1	rrhh_prestamos
/sistema/rrhh/prestamos/300668/?tipo_rol=RPM	1	rrhh_prestamos
/sistema/rrhh/prestamos/301242/?tipo_rol=RPM	1	rrhh_prestamos
/sistema/rrhh/prestamos/301243/?tipo_rol=RPM	1	rrhh_prestamos
/sistema/rrhh/prestamos/301244/?tipo_rol=RPM	1	rrhh_prestamos
/sistema/rrhh/prestamos/301245/?tipo_rol=RPM	1	rrhh_prestamos
/sistema/rrhh/prestamos/301246/?tipo_rol=RPM	1	rrhh_prestamos
/sistema/rrhh/prestamos/301247/?tipo_rol=RPM	1	rrhh_prestamos
/sistema/rrhh/prestamos/301248/?tipo_rol=RPM	1	rrhh_prestamos
/sistema/rrhh/prestamos/301249/?tipo_rol=RPM	1	rrhh_prestamos
/sistema/rrhh/prestamos/301250/?tipo_rol=RPM	1	rrhh_prestamos
/sistema/rrhh/prestamos/301251/?tipo_rol=RPM	1	rrhh_prestamos
/sistema/rrhh/prestamos/eliminar/299422/	1	rrhh_prestamos
/sistema/rrhh/prestamos/eliminar/299423/	1	rrhh_prestamos
/sistema/rrhh/prestamos/eliminar/299425/	1	rrhh_prestamos
/sistema/rrhh/prestamos/eliminar/299426/	1	rrhh_prestamos
/sistema/rrhh/prestamos/eliminar/299427/	1	rrhh_prestamos
/sistema/rrhh/prestamos/eliminar/299428/	1	rrhh_prestamos
/sistema/rrhh/prestamos/eliminar/299429/	1	rrhh_prestamos
/sistema/rrhh/prestamos/eliminar/299430/	1	rrhh_prestamos
/sistema/rrhh/prestamos/eliminar/299431/	1	rrhh_prestamos
/sistema/rrhh/prestamos/eliminar/299432/	1	rrhh_prestamos
/sistema/rrhh/prestamos/eliminar/300315/	1	rrhh_prestamos
/sistema/rrhh/prestamos/eliminar/300318/	1	rrhh_prestamos
/sistema/rrhh/prestamos/eliminar/300367/	1	rrhh_prestamos
/sistema/rrhh/prestamos/eliminar/300368/	1	rrhh_prestamos
/sistema/rrhh/prestamos/eliminar/300668/	1	rrhh_prestamos
/sistema/rrhh/prestamos/eliminar/301242/	1	rrhh_prestamos
/sistema/rrhh/prestamos/eliminar/301243/	1	rrhh_prestamos
/sistema/rrhh/prestamos/eliminar/301244/	1	rrhh_prestamos
/sistema/rrhh/prestamos/eliminar/301245/	1	rrhh_prestamos
/sistema/rrhh/prestamos/eliminar/301246/	1	rrhh_prestamos
/sistema/rrhh/prestamos/eliminar/301247/	1	rrhh_prestamos
/sistema/rrhh/prestamos/eliminar/301248/	1	rrhh_prestamos
/sistema/rrhh/prestamos/eliminar/301249/	1	rrhh_prestamos
/sistema/rrhh/prestamos/eliminar/301250/	1	rrhh_prestamos
/sistema/rrhh/prestamos/eliminar/301251/	1	rrhh_prestamos
/sistema/shell/media/images/ajax-loader.gif	3	registro_documento,registro_documento_emision,registro_documento_tipo_registro
/sistema/shell/media/js/vue.multiselect.production.js	94	activo_fijo_activo,activo_fijo_activo_registrar,activo_fijo_configuraciones,administracion_perfil
/sistema/shell/media/js/vue.production.js	3	registro_documento,registro_documento_emision,registro_documento_tipo_registro
/sistema/tarjeta_credito/comercio/19563/	1	tarjeta_credito_comercio
/sistema/tarjeta_credito/comercio/19563/eliminar/	1	tarjeta_credito_comercio
/sistema/tarjeta_credito/comercio/19564/	1	tarjeta_credito_comercio
/sistema/tarjeta_credito/comercio/19564/eliminar/	1	tarjeta_credito_comercio
/sistema/tarjeta_credito/comercio/19565/	1	tarjeta_credito_comercio
/sistema/tarjeta_credito/comercio/19565/eliminar/	1	tarjeta_credito_comercio
/sistema/tarjeta_credito/comercio/19566/	1	tarjeta_credito_comercio
/sistema/tarjeta_credito/comercio/19566/eliminar/	1	tarjeta_credito_comercio
/sistema/tarjeta_credito/comercio/19567/	1	tarjeta_credito_comercio
/sistema/tarjeta_credito/comercio/19567/eliminar/	1	tarjeta_credito_comercio
/sistema/tarjeta_credito/comercio/19568/	1	tarjeta_credito_comercio
/sistema/tarjeta_credito/comercio/19568/eliminar/	1	tarjeta_credito_comercio
/sistema/tarjeta_credito/comercio/19569/	1	tarjeta_credito_comercio
/sistema/tarjeta_credito/comercio/19569/eliminar/	1	tarjeta_credito_comercio
/sistema/tarjeta_credito/comercio/19570/	1	tarjeta_credito_comercio
/sistema/tarjeta_credito/comercio/19570/eliminar/	1	tarjeta_credito_comercio
/sistema/tarjeta_credito/comercio/19571/	1	tarjeta_credito_comercio
/sistema/tarjeta_credito/comercio/19571/eliminar/	1	tarjeta_credito_comercio
/sistema/tarjeta_credito/comercio/19572/	1	tarjeta_credito_comercio
/sistema/tarjeta_credito/comercio/19572/eliminar/	1	tarjeta_credito_comercio
/sistema/tarjeta_credito/comercio/19573/	1	tarjeta_credito_comercio
/sistema/tarjeta_credito/comercio/19573/eliminar/	1	tarjeta_credito_comercio
/sistema/tarjeta_credito/comercio/19832/	1	tarjeta_credito_comercio
/sistema/tarjeta_credito/comercio/19832/eliminar/	1	tarjeta_credito_comercio
/sistema/tarjeta_credito/comercio/20070/	1	tarjeta_credito_comercio
/sistema/tarjeta_credito/comercio/20070/eliminar/	1	tarjeta_credito_comercio
/sistema/tarjeta_credito/comercio/20071/	1	tarjeta_credito_comercio
/sistema/tarjeta_credito/comercio/20071/eliminar/	1	tarjeta_credito_comercio
/sistema/tarjeta_credito/comercio/20072/	1	tarjeta_credito_comercio
/sistema/tarjeta_credito/comercio/20072/eliminar/	1	tarjeta_credito_comercio
/sistema/tarjeta_credito/comercio/30537/	1	tarjeta_credito_comercio
/sistema/tarjeta_credito/comercio/30537/eliminar/	1	tarjeta_credito_comercio
/sistema/tarjeta_credito/comercio/30538/	1	tarjeta_credito_comercio
/sistema/tarjeta_credito/comercio/30538/eliminar/	1	tarjeta_credito_comercio
/sistema/tarjeta_credito/comercio/31133/	1	tarjeta_credito_comercio
/sistema/tarjeta_credito/comercio/31133/eliminar/	1	tarjeta_credito_comercio
/sistema/tarjeta_credito/comercio/31134/	1	tarjeta_credito_comercio
/sistema/tarjeta_credito/comercio/31134/eliminar/	1	tarjeta_credito_comercio
/sistema/tarjeta_credito/comercio/31135/	1	tarjeta_credito_comercio
/sistema/tarjeta_credito/comercio/31135/eliminar/	1	tarjeta_credito_comercio
/sistema/tarjeta_credito/comercio/31403/	1	tarjeta_credito_comercio
/sistema/tarjeta_credito/comercio/31403/eliminar/	1	tarjeta_credito_comercio
/sistema/tarjeta_credito/comercio/31404/	1	tarjeta_credito_comercio
/sistema/tarjeta_credito/comercio/31404/eliminar/	1	tarjeta_credito_comercio
/sistema/tarjeta_credito/comercio/31405/	1	tarjeta_credito_comercio
/sistema/tarjeta_credito/comercio/31405/eliminar/	1	tarjeta_credito_comercio
/sistema/tarjeta_credito/comercio/32084/	1	tarjeta_credito_comercio
/sistema/tarjeta_credito/comercio/32084/eliminar/	1	tarjeta_credito_comercio
/sistema/tarjeta_credito/comercio/32085/	1	tarjeta_credito_comercio
/sistema/tarjeta_credito/comercio/32085/eliminar/	1	tarjeta_credito_comercio
/sistema/tarjeta_credito/comercio/32117/	1	tarjeta_credito_comercio
/sistema/tarjeta_credito/comercio/32117/eliminar/	1	tarjeta_credito_comercio
/sistema/tarjeta_credito/comercio/32118/	1	tarjeta_credito_comercio
/sistema/tarjeta_credito/comercio/32118/eliminar/	1	tarjeta_credito_comercio
/sistema/tarjeta_credito/comercio/32119/	1	tarjeta_credito_comercio
/sistema/tarjeta_credito/comercio/32119/eliminar/	1	tarjeta_credito_comercio
/sistema/tarjeta_credito/comercio/32120/	1	tarjeta_credito_comercio
/sistema/tarjeta_credito/comercio/32120/eliminar/	1	tarjeta_credito_comercio
/sistema/tarjeta_credito/comercio/32121/	1	tarjeta_credito_comercio
/sistema/tarjeta_credito/comercio/32121/eliminar/	1	tarjeta_credito_comercio
/sistema/tarjeta_credito/comercio/32122/	1	tarjeta_credito_comercio
/sistema/tarjeta_credito/comercio/32122/eliminar/	1	tarjeta_credito_comercio
/sistema/tarjeta_credito/comercio/32123/	1	tarjeta_credito_comercio
/sistema/tarjeta_credito/comercio/32123/eliminar/	1	tarjeta_credito_comercio
/sistema/tarjeta_credito/comercio/32257/	1	tarjeta_credito_comercio
/sistema/tarjeta_credito/comercio/32257/eliminar/	1	tarjeta_credito_comercio
/sistema/tarjeta_credito/comercio/32258/	1	tarjeta_credito_comercio
/sistema/tarjeta_credito/comercio/32258/eliminar/	1	tarjeta_credito_comercio
/sistema/tarjeta_credito/comercio/33052/	1	tarjeta_credito_comercio
/sistema/tarjeta_credito/comercio/33052/eliminar/	1	tarjeta_credito_comercio
/sistema/tarjeta_credito/comercio/33053/	1	tarjeta_credito_comercio
/sistema/tarjeta_credito/comercio/33053/eliminar/	1	tarjeta_credito_comercio
/sistema/tarjeta_credito/comercio/33054/	1	tarjeta_credito_comercio
/sistema/tarjeta_credito/comercio/33054/eliminar/	1	tarjeta_credito_comercio
/sistema/tarjeta_credito/comercio/33422/	1	tarjeta_credito_comercio
/sistema/tarjeta_credito/comercio/33422/eliminar/	1	tarjeta_credito_comercio
/sistema/tarjeta_credito/comercio/33423/	1	tarjeta_credito_comercio
/sistema/tarjeta_credito/comercio/33423/eliminar/	1	tarjeta_credito_comercio
/sistema/tarjeta_credito/comercio/33424/	1	tarjeta_credito_comercio
/sistema/tarjeta_credito/comercio/33424/eliminar/	1	tarjeta_credito_comercio
/sistema/tarjeta_credito/comercio/33441/	1	tarjeta_credito_comercio
/sistema/tarjeta_credito/comercio/33441/eliminar/	1	tarjeta_credito_comercio
/sistema/tarjeta_credito/comercio/33442/	1	tarjeta_credito_comercio
/sistema/tarjeta_credito/comercio/33442/eliminar/	1	tarjeta_credito_comercio
/sistema/tarjeta_credito/comercio/33443/	1	tarjeta_credito_comercio
/sistema/tarjeta_credito/comercio/33443/eliminar/	1	tarjeta_credito_comercio
/sistema/tarjeta_credito/comercio/consultar/19563/	1	tarjeta_credito_comercio
/sistema/tarjeta_credito/comercio/consultar/19564/	1	tarjeta_credito_comercio
/sistema/tarjeta_credito/comercio/consultar/19565/	1	tarjeta_credito_comercio
/sistema/tarjeta_credito/comercio/consultar/19566/	1	tarjeta_credito_comercio
/sistema/tarjeta_credito/comercio/consultar/19567/	1	tarjeta_credito_comercio
/sistema/tarjeta_credito/comercio/consultar/19568/	1	tarjeta_credito_comercio
/sistema/tarjeta_credito/comercio/consultar/19569/	1	tarjeta_credito_comercio
/sistema/tarjeta_credito/comercio/consultar/19570/	1	tarjeta_credito_comercio
/sistema/tarjeta_credito/comercio/consultar/19571/	1	tarjeta_credito_comercio
/sistema/tarjeta_credito/comercio/consultar/19572/	1	tarjeta_credito_comercio
/sistema/tarjeta_credito/comercio/consultar/19573/	1	tarjeta_credito_comercio
/sistema/tarjeta_credito/comercio/consultar/19832/	1	tarjeta_credito_comercio
/sistema/tarjeta_credito/comercio/consultar/20070/	1	tarjeta_credito_comercio
/sistema/tarjeta_credito/comercio/consultar/20071/	1	tarjeta_credito_comercio
/sistema/tarjeta_credito/comercio/consultar/20072/	1	tarjeta_credito_comercio
/sistema/tarjeta_credito/comercio/consultar/30537/	1	tarjeta_credito_comercio
/sistema/tarjeta_credito/comercio/consultar/30538/	1	tarjeta_credito_comercio
/sistema/tarjeta_credito/comercio/consultar/31133/	1	tarjeta_credito_comercio
/sistema/tarjeta_credito/comercio/consultar/31134/	1	tarjeta_credito_comercio
/sistema/tarjeta_credito/comercio/consultar/31135/	1	tarjeta_credito_comercio
/sistema/tarjeta_credito/comercio/consultar/31403/	1	tarjeta_credito_comercio
/sistema/tarjeta_credito/comercio/consultar/31404/	1	tarjeta_credito_comercio
/sistema/tarjeta_credito/comercio/consultar/31405/	1	tarjeta_credito_comercio
/sistema/tarjeta_credito/comercio/consultar/32084/	1	tarjeta_credito_comercio
/sistema/tarjeta_credito/comercio/consultar/32085/	1	tarjeta_credito_comercio
/sistema/tarjeta_credito/comercio/consultar/32117/	1	tarjeta_credito_comercio
/sistema/tarjeta_credito/comercio/consultar/32118/	1	tarjeta_credito_comercio
/sistema/tarjeta_credito/comercio/consultar/32119/	1	tarjeta_credito_comercio
/sistema/tarjeta_credito/comercio/consultar/32120/	1	tarjeta_credito_comercio
/sistema/tarjeta_credito/comercio/consultar/32121/	1	tarjeta_credito_comercio
/sistema/tarjeta_credito/comercio/consultar/32122/	1	tarjeta_credito_comercio
/sistema/tarjeta_credito/comercio/consultar/32123/	1	tarjeta_credito_comercio
/sistema/tarjeta_credito/comercio/consultar/32257/	1	tarjeta_credito_comercio
/sistema/tarjeta_credito/comercio/consultar/32258/	1	tarjeta_credito_comercio
/sistema/tarjeta_credito/comercio/consultar/33052/	1	tarjeta_credito_comercio
/sistema/tarjeta_credito/comercio/consultar/33053/	1	tarjeta_credito_comercio
/sistema/tarjeta_credito/comercio/consultar/33054/	1	tarjeta_credito_comercio
/sistema/tarjeta_credito/comercio/consultar/33422/	1	tarjeta_credito_comercio
/sistema/tarjeta_credito/comercio/consultar/33423/	1	tarjeta_credito_comercio
/sistema/tarjeta_credito/comercio/consultar/33424/	1	tarjeta_credito_comercio
/sistema/tarjeta_credito/comercio/consultar/33441/	1	tarjeta_credito_comercio
/sistema/tarjeta_credito/comercio/consultar/33442/	1	tarjeta_credito_comercio
/sistema/tarjeta_credito/comercio/consultar/33443/	1	tarjeta_credito_comercio
/sistema/tarjeta_credito/comercio/registrar/	1	tarjeta_credito_comercio
/sistema/tarjeta_credito/liquidacion/123/	1	registro_electronicos_importar_retenciones
/sistema/tarjeta_credito/liquidacion/1813715/	1	tarjeta_credito_liquidacion
/sistema/tarjeta_credito/liquidacion/1813715/eliminar/	1	tarjeta_credito_liquidacion
/sistema/tarjeta_credito/liquidacion/1813716/	1	tarjeta_credito_liquidacion
/sistema/tarjeta_credito/liquidacion/1813716/eliminar/	1	tarjeta_credito_liquidacion
/sistema/tarjeta_credito/liquidacion/1813717/	1	tarjeta_credito_liquidacion
/sistema/tarjeta_credito/liquidacion/1813717/eliminar/	1	tarjeta_credito_liquidacion
/sistema/tarjeta_credito/liquidacion/1813725/	1	tarjeta_credito_liquidacion
/sistema/tarjeta_credito/liquidacion/1813725/eliminar/	1	tarjeta_credito_liquidacion
/sistema/tarjeta_credito/liquidacion/1813727/	1	tarjeta_credito_liquidacion
/sistema/tarjeta_credito/liquidacion/1813727/eliminar/	1	tarjeta_credito_liquidacion
/sistema/tarjeta_credito/liquidacion/1813728/	1	tarjeta_credito_liquidacion
/sistema/tarjeta_credito/liquidacion/1813728/eliminar/	1	tarjeta_credito_liquidacion
/sistema/tarjeta_credito/liquidacion/1813730/	1	tarjeta_credito_liquidacion
/sistema/tarjeta_credito/liquidacion/1813730/eliminar/	1	tarjeta_credito_liquidacion
/sistema/tarjeta_credito/liquidacion/1813731/	1	tarjeta_credito_liquidacion
/sistema/tarjeta_credito/liquidacion/1813731/eliminar/	1	tarjeta_credito_liquidacion
/sistema/tarjeta_credito/liquidacion/1813734/	1	tarjeta_credito_liquidacion
/sistema/tarjeta_credito/liquidacion/1813734/eliminar/	1	tarjeta_credito_liquidacion
/sistema/tarjeta_credito/liquidacion/1813735/	1	tarjeta_credito_liquidacion
/sistema/tarjeta_credito/liquidacion/1813735/eliminar/	1	tarjeta_credito_liquidacion
/sistema/tarjeta_credito/liquidacion/1813736/	1	tarjeta_credito_liquidacion
/sistema/tarjeta_credito/liquidacion/1813736/eliminar/	1	tarjeta_credito_liquidacion
/sistema/tarjeta_credito/liquidacion/1813737/	1	tarjeta_credito_liquidacion
/sistema/tarjeta_credito/liquidacion/1813737/eliminar/	1	tarjeta_credito_liquidacion
/sistema/tarjeta_credito/liquidacion/1813738/	1	tarjeta_credito_liquidacion
/sistema/tarjeta_credito/liquidacion/1813738/eliminar/	1	tarjeta_credito_liquidacion
/sistema/tarjeta_credito/liquidacion/1813739/	1	tarjeta_credito_liquidacion
/sistema/tarjeta_credito/liquidacion/1813739/eliminar/	1	tarjeta_credito_liquidacion
/sistema/tarjeta_credito/liquidacion/1813740/	1	tarjeta_credito_liquidacion
/sistema/tarjeta_credito/liquidacion/1813740/eliminar/	1	tarjeta_credito_liquidacion
/sistema/tarjeta_credito/liquidacion/1813741/	1	tarjeta_credito_liquidacion
/sistema/tarjeta_credito/liquidacion/1813741/eliminar/	1	tarjeta_credito_liquidacion
/sistema/tarjeta_credito/liquidacion/1813742/	1	tarjeta_credito_liquidacion
/sistema/tarjeta_credito/liquidacion/1813742/eliminar/	1	tarjeta_credito_liquidacion
/sistema/tarjeta_credito/liquidacion/1813753/	1	tarjeta_credito_liquidacion
/sistema/tarjeta_credito/liquidacion/1813753/eliminar/	1	tarjeta_credito_liquidacion
/sistema/tarjeta_credito/liquidacion/1813761/	1	tarjeta_credito_liquidacion
/sistema/tarjeta_credito/liquidacion/1813761/eliminar/	1	tarjeta_credito_liquidacion
/sistema/tarjeta_credito/liquidacion/1813774/	1	tarjeta_credito_liquidacion
/sistema/tarjeta_credito/liquidacion/1813774/eliminar/	1	tarjeta_credito_liquidacion
/sistema/tarjeta_credito/liquidacion/1813785/	1	tarjeta_credito_liquidacion
/sistema/tarjeta_credito/liquidacion/1813785/eliminar/	1	tarjeta_credito_liquidacion
/sistema/tarjeta_credito/liquidacion/1813792/	1	tarjeta_credito_liquidacion
/sistema/tarjeta_credito/liquidacion/1813792/eliminar/	1	tarjeta_credito_liquidacion
/sistema/tarjeta_credito/liquidacion/1813795/	1	tarjeta_credito_liquidacion
/sistema/tarjeta_credito/liquidacion/1813795/eliminar/	1	tarjeta_credito_liquidacion
/sistema/tarjeta_credito/liquidacion/1813802/	1	tarjeta_credito_liquidacion
/sistema/tarjeta_credito/liquidacion/1813802/eliminar/	1	tarjeta_credito_liquidacion
/sistema/tarjeta_credito/liquidacion/1813806/	1	tarjeta_credito_liquidacion
/sistema/tarjeta_credito/liquidacion/1813806/eliminar/	1	tarjeta_credito_liquidacion
/sistema/tarjeta_credito/liquidacion/consultar/123/	1	registro_electronicos_importar_retenciones
/sistema/tarjeta_credito/liquidacion/consultar/1813715/	1	tarjeta_credito_liquidacion
/sistema/tarjeta_credito/liquidacion/consultar/1813716/	1	tarjeta_credito_liquidacion
/sistema/tarjeta_credito/liquidacion/consultar/1813717/	1	tarjeta_credito_liquidacion
/sistema/tarjeta_credito/liquidacion/consultar/1813725/	1	tarjeta_credito_liquidacion
/sistema/tarjeta_credito/liquidacion/consultar/1813727/	1	tarjeta_credito_liquidacion
/sistema/tarjeta_credito/liquidacion/consultar/1813728/	1	tarjeta_credito_liquidacion
/sistema/tarjeta_credito/liquidacion/consultar/1813730/	1	tarjeta_credito_liquidacion
/sistema/tarjeta_credito/liquidacion/consultar/1813731/	1	tarjeta_credito_liquidacion
/sistema/tarjeta_credito/liquidacion/consultar/1813734/	1	tarjeta_credito_liquidacion
/sistema/tarjeta_credito/liquidacion/consultar/1813735/	1	tarjeta_credito_liquidacion
/sistema/tarjeta_credito/liquidacion/consultar/1813736/	1	tarjeta_credito_liquidacion
/sistema/tarjeta_credito/liquidacion/consultar/1813737/	1	tarjeta_credito_liquidacion
/sistema/tarjeta_credito/liquidacion/consultar/1813738/	1	tarjeta_credito_liquidacion
/sistema/tarjeta_credito/liquidacion/consultar/1813739/	1	tarjeta_credito_liquidacion
/sistema/tarjeta_credito/liquidacion/consultar/1813740/	1	tarjeta_credito_liquidacion
/sistema/tarjeta_credito/liquidacion/consultar/1813741/	1	tarjeta_credito_liquidacion
/sistema/tarjeta_credito/liquidacion/consultar/1813742/	1	tarjeta_credito_liquidacion
/sistema/tarjeta_credito/liquidacion/consultar/1813753/	1	tarjeta_credito_liquidacion
/sistema/tarjeta_credito/liquidacion/consultar/1813761/	1	tarjeta_credito_liquidacion
/sistema/tarjeta_credito/liquidacion/consultar/1813774/	1	tarjeta_credito_liquidacion
/sistema/tarjeta_credito/liquidacion/consultar/1813785/	1	tarjeta_credito_liquidacion
/sistema/tarjeta_credito/liquidacion/consultar/1813792/	1	tarjeta_credito_liquidacion
/sistema/tarjeta_credito/liquidacion/consultar/1813795/	1	tarjeta_credito_liquidacion
/sistema/tarjeta_credito/liquidacion/consultar/1813802/	1	tarjeta_credito_liquidacion
/sistema/tarjeta_credito/liquidacion/consultar/1813806/	1	tarjeta_credito_liquidacion
/sistema/tarjeta_credito/liquidacion/registrar/?identpro=	1	registro_electronicos_importar_facturas
/sistema/tarjeta_credito/lote/17054095/	1	tarjeta_credito_lote
/sistema/tarjeta_credito/lote/17054095/eliminar/	1	tarjeta_credito_lote
/sistema/tarjeta_credito/lote/17054099/	1	tarjeta_credito_lote
/sistema/tarjeta_credito/lote/17054099/eliminar/	1	tarjeta_credito_lote
/sistema/tarjeta_credito/lote/17054100/	1	tarjeta_credito_lote
/sistema/tarjeta_credito/lote/17054100/eliminar/	1	tarjeta_credito_lote
/sistema/tarjeta_credito/lote/17055060/	1	tarjeta_credito_lote
/sistema/tarjeta_credito/lote/17055060/eliminar/	1	tarjeta_credito_lote
/sistema/tarjeta_credito/lote/17055061/	1	tarjeta_credito_lote
/sistema/tarjeta_credito/lote/17055061/eliminar/	1	tarjeta_credito_lote
/sistema/tarjeta_credito/lote/17055660/	1	tarjeta_credito_lote
/sistema/tarjeta_credito/lote/17055660/eliminar/	1	tarjeta_credito_lote
/sistema/tarjeta_credito/lote/17055661/	1	tarjeta_credito_lote
/sistema/tarjeta_credito/lote/17055661/eliminar/	1	tarjeta_credito_lote
/sistema/tarjeta_credito/lote/17055663/	1	tarjeta_credito_lote
/sistema/tarjeta_credito/lote/17055663/eliminar/	1	tarjeta_credito_lote
/sistema/tarjeta_credito/lote/17055665/	1	tarjeta_credito_lote
/sistema/tarjeta_credito/lote/17055665/eliminar/	1	tarjeta_credito_lote
/sistema/tarjeta_credito/lote/17055669/	1	tarjeta_credito_lote
/sistema/tarjeta_credito/lote/17055669/eliminar/	1	tarjeta_credito_lote
/sistema/tarjeta_credito/lote/17055676/	1	tarjeta_credito_lote
/sistema/tarjeta_credito/lote/17055676/eliminar/	1	tarjeta_credito_lote
/sistema/tarjeta_credito/lote/17056571/	1	tarjeta_credito_lote
/sistema/tarjeta_credito/lote/17056571/eliminar/	1	tarjeta_credito_lote
/sistema/tarjeta_credito/lote/17056994/	1	tarjeta_credito_lote
/sistema/tarjeta_credito/lote/17056994/eliminar/	1	tarjeta_credito_lote
/sistema/tarjeta_credito/lote/17056995/	1	tarjeta_credito_lote
/sistema/tarjeta_credito/lote/17056995/eliminar/	1	tarjeta_credito_lote
/sistema/tarjeta_credito/lote/17057003/	1	tarjeta_credito_lote
/sistema/tarjeta_credito/lote/17057003/eliminar/	1	tarjeta_credito_lote
/sistema/tarjeta_credito/lote/17057025/	1	tarjeta_credito_lote
/sistema/tarjeta_credito/lote/17057025/eliminar/	1	tarjeta_credito_lote
/sistema/tarjeta_credito/lote/17057655/	1	tarjeta_credito_lote
/sistema/tarjeta_credito/lote/17057655/eliminar/	1	tarjeta_credito_lote
/sistema/tarjeta_credito/lote/17057656/	1	tarjeta_credito_lote
/sistema/tarjeta_credito/lote/17057656/eliminar/	1	tarjeta_credito_lote
/sistema/tarjeta_credito/lote/17057828/	1	tarjeta_credito_lote
/sistema/tarjeta_credito/lote/17057828/eliminar/	1	tarjeta_credito_lote
/sistema/tarjeta_credito/lote/17058642/	1	tarjeta_credito_lote
/sistema/tarjeta_credito/lote/17058642/eliminar/	1	tarjeta_credito_lote
/sistema/tarjeta_credito/lote/17058650/	1	tarjeta_credito_lote
/sistema/tarjeta_credito/lote/17058650/eliminar/	1	tarjeta_credito_lote
/sistema/tarjeta_credito/lote/17058651/	1	tarjeta_credito_lote
/sistema/tarjeta_credito/lote/17058651/eliminar/	1	tarjeta_credito_lote
/sistema/tarjeta_credito/lote/17058659/	1	tarjeta_credito_lote
/sistema/tarjeta_credito/lote/17058659/eliminar/	1	tarjeta_credito_lote
/sistema/tarjeta_credito/lote/17058707/	1	tarjeta_credito_lote
/sistema/tarjeta_credito/lote/17058707/eliminar/	1	tarjeta_credito_lote
/sistema/tarjeta_credito/lote/17059724/	1	tarjeta_credito_lote
/sistema/tarjeta_credito/lote/17059724/eliminar/	1	tarjeta_credito_lote
/sistema/tarjeta_credito/lote/consultar/17054095/	1	tarjeta_credito_lote
/sistema/tarjeta_credito/lote/consultar/17054099/	1	tarjeta_credito_lote
/sistema/tarjeta_credito/lote/consultar/17054100/	1	tarjeta_credito_lote
/sistema/tarjeta_credito/lote/consultar/17055060/	1	tarjeta_credito_lote
/sistema/tarjeta_credito/lote/consultar/17055061/	1	tarjeta_credito_lote
/sistema/tarjeta_credito/lote/consultar/17055660/	1	tarjeta_credito_lote
/sistema/tarjeta_credito/lote/consultar/17055661/	1	tarjeta_credito_lote
/sistema/tarjeta_credito/lote/consultar/17055663/	1	tarjeta_credito_lote
/sistema/tarjeta_credito/lote/consultar/17055665/	1	tarjeta_credito_lote
/sistema/tarjeta_credito/lote/consultar/17055669/	1	tarjeta_credito_lote
/sistema/tarjeta_credito/lote/consultar/17055676/	1	tarjeta_credito_lote
/sistema/tarjeta_credito/lote/consultar/17056571/	1	tarjeta_credito_lote
/sistema/tarjeta_credito/lote/consultar/17056994/	1	tarjeta_credito_lote
/sistema/tarjeta_credito/lote/consultar/17056995/	1	tarjeta_credito_lote
/sistema/tarjeta_credito/lote/consultar/17057003/	1	tarjeta_credito_lote
/sistema/tarjeta_credito/lote/consultar/17057025/	1	tarjeta_credito_lote
/sistema/tarjeta_credito/lote/consultar/17057655/	1	tarjeta_credito_lote
/sistema/tarjeta_credito/lote/consultar/17057656/	1	tarjeta_credito_lote
/sistema/tarjeta_credito/lote/consultar/17057828/	1	tarjeta_credito_lote
/sistema/tarjeta_credito/lote/consultar/17058642/	1	tarjeta_credito_lote
/sistema/tarjeta_credito/lote/consultar/17058650/	1	tarjeta_credito_lote
/sistema/tarjeta_credito/lote/consultar/17058651/	1	tarjeta_credito_lote
/sistema/tarjeta_credito/lote/consultar/17058659/	1	tarjeta_credito_lote
/sistema/tarjeta_credito/lote/consultar/17058707/	1	tarjeta_credito_lote
/sistema/tarjeta_credito/lote/consultar/17059724/	1	tarjeta_credito_lote
/sistema/tarjeta_credito/lote/seleccionar/	3	banco_anticipo_registrar,registro_transaccion_registrar,registro_transaccion_registrar_masivo_1
/sistema/usuario/seleccionar/	2	empresa_configuracion_aprobadores,reportes_log_extendido
https://1793168604001.contifico.com/sistema/banco/reposicion/registrar/	1	banco_reposicion_registrar
https://contifico.com/politicas-de-uso/	1	contrato_mi_cuenta
https://contifico.portaldeclientes.siigo.ec/	127	activo_fijo_activo,activo_fijo_activo_registrar,activo_fijo_configuraciones,administracion_perfil
https://contifico.portaldeclientes.siigo.ec/basedeconocimiento/bandeja-electronica-nueva-carga-compras/	1	registro_electronicos_importar_facturas
https://contifico.portaldeclientes.siigo.ec/basedeconocimiento/cargar-retenciones-automaticamente-2/	2	registro_electronicos_importar_facturas,registro_electronicos_importar_retenciones
https://contifico.portaldeclientes.siigo.ec/basedeconocimiento/documento-de-autorretencion/	6	registro_documento_registrar,registro_documento_registrar_cotizacion_1,registro_documento_registrar_de_1,registro_documento_registrar_prefactura_1
https://contifico.portaldeclientes.siigo.ec/basedeconocimiento/subir-firma-electronica/	127	activo_fijo_activo,activo_fijo_activo_registrar,activo_fijo_configuraciones,administracion_perfil
https://www.siigo.com/ec/novedades-de-producto/	127	activo_fijo_activo,activo_fijo_activo_registrar,activo_fijo_configuraciones,administracion_perfil
